slug,city,country,region,mode,n_stations,annual_riders,annual_year_raw,annual_year,vintage_basis,measure_def,measure_note,measure_source,convention_family,metric_confidence,value_status,evidence,annual_url,source_id,urban_pop,urban_area_km2,pop_source,population_basis,trips_per_capita,mode_scope,mode_scope_checked,mode_scope_evidence,mode_scope_url,has_ridership,metric_known,citation_resolves,denominator_consistent,vintage_comparable,mode_scope_known,mode_scope_consistent,usable_for_ratio
shanghai,Shanghai,China,Asia,metro,346,3700000000,2025,2025,calendar_year,unlinked_trips,station_entries,override:camet,boarding,medium,verified,"CAMET 城市轨道交通2024年度统计和分析报告, 表3: 客运量 3,773,795,900 / 进站量 2,098,778,300. matches 客运量 to 2.0% (atlas year 2025 vs report year 2024)",https://infosharingp2-oss.camet.org.cn/resources/manual/2025/04/01/660853988892741.pdf,shanghai-annual,24874500,6340.5,"Shanghai Municipal Statistics Bureau via Wikipedia infobox, municipality total permanent population (municipality is >89% urbanized with minimal rural land, so used as built-up proxy); deliberately NOT using Demographia's merged 'Shanghai-Changzhou' 45.1M figure or Wikipedia's ~30M cross-boundary 'urban area' figure because both extend into Jiangsu and would double-count with Suzhou's separate entry in this dataset",city_proper,148.7,metro_only,system_field,,,true,true,true,false,true,true,true,false
beijing,Beijing,China,Asia,metro,340,3570000000,2025,2025,calendar_year,unlinked_trips,station_entries,override:camet,boarding,medium,verified,"CAMET 城市轨道交通2024年度统计和分析报告, 表3: 客运量 3,621,265,800 / 进站量 2,003,036,800. matches 客运量 to 1.4% (atlas year 2025 vs report year 2024)",https://infosharingp2-oss.camet.org.cn/resources/manual/2025/04/01/660853988892741.pdf,beijing-annual,22363000,4284,Demographia 2025 (20th ed.) built-up urban area 'Beijing-HEB' (includes contiguous Hebei spillover),built_up_urban_area,159.6,metro_only,system_field,,,true,true,true,true,true,true,true,true
tokyo,Tokyo,Japan,Asia,metro,216,3533565000,2025,2025,calendar_year,estimated,estimated,system_rank,estimated,medium,,,https://www.tokyometro.jp/corporate/enterprise/passenger_rail/transportation/lines/index.html,tokyo-annual,37325000,8775,Demographia 2025 (20th ed.) built-up urban area 'Tokyo-Yokohama',built_up_urban_area,94.7,metro_only,system_field,,,true,true,true,true,true,true,true,true
guangzhou,Guangzhou,China,Asia,metro,245,3399000000,2025,2025,calendar_year,unlinked_trips,station_entries,override:camet,boarding,medium,verified,"CAMET 城市轨道交通2024年度统计和分析报告, 表3: 客运量 3,255,011,600 / 进站量 1,790,980,400. matches 客运量 to 4.4% (atlas year 2025 vs report year 2024)",https://infosharingp2-oss.camet.org.cn/resources/manual/2025/04/01/660853988892741.pdf,guangzhou-annual,16096724,,"China 2020 census via Wikipedia infobox, urban district population (86.19% of 18,676,605 municipality total); Demographia merges Guangzhou into 'Guangzhou-Shenzhen' 69,562,000 conurbation which is not usable per-city",city_proper,211.2,metro_only,system_field,,,true,true,true,false,true,true,true,false
shenzhen,Shenzhen,China,Asia,metro,236,3285000000,2025,2025,calendar_year,unlinked_trips,station_entries,override:camet,boarding,medium,verified,"CAMET 城市轨道交通2024年度统计和分析报告, 表3: 客运量 3,101,874,300 / 进站量 1,750,336,100. matches 客运量 to 5.9% (atlas year 2025 vs report year 2024)",https://infosharingp2-oss.camet.org.cn/resources/manual/2025/04/01/660853988892741.pdf,shenzhen-annual,14678000,1748,"Wikipedia infobox 'Urban (2021)' citing Chinese city statistics; Shenzhen municipality total was 17,560,000 (2020); Demographia merges into 'Guangzhou-Shenzhen' 69,562,000 conurbation which is not usable per-city",city_proper,223.8,metro_only,system_field,,,true,true,true,false,true,true,true,false
seoul,Seoul,South Korea,Asia,metro,461,2417520000,2024,2024,calendar_year,station_entries,station_entries,system_rank,entries,high,,,https://www.redaily.co.kr/news/articleView.html?idxno=11429,seoul-annual,23825000,2769,Demographia 2025 (20th ed.) built-up urban area 'Seoul-Incheon',built_up_urban_area,101.5,metro_only,system_field,,,true,true,true,true,true,true,true,true
moscow,Moscow,Russia,Europe,metro,369,2415600000,2024,2024,calendar_year,estimated,estimated,system_rank,estimated,low,,,https://t-j.ru/moscowtrans-stat/,moscow-annual,18509000,6643,Demographia 2025 (20th ed.) built-up urban area,built_up_urban_area,130.5,metro_plus_regional_rail,system_field,,,true,true,true,true,true,true,false,false
delhi,Delhi,India,Asia,metro,215,2358000000,2025,2025,calendar_year,unlinked_trips,unlinked_trips,system_rank,boarding,high,,,https://www.millenniumpost.in/delhi/delhi-metro-ridership-rises-to-2358-crore-in-2025-network-remains-largest-in-india-651962,delhi-annual,33224000,2344,Demographia 2025 (20th ed.) built-up urban area 'Delhi DL-UP-HR' (spills into UP/Haryana),built_up_urban_area,71.0,metro_only,system_field,,,true,true,true,true,true,true,true,true
chengdu,Chengdu,China,Asia,metro,205,2244000000,2025,2025,calendar_year,unlinked_trips,station_entries,override:camet,boarding,medium,verified,"CAMET 城市轨道交通2024年度统计和分析报告, 表3: 客运量 2,208,982,500 / 进站量 1,261,007,900. matches 客运量 to 1.6% (atlas year 2025 vs report year 2024)",https://infosharingp2-oss.camet.org.cn/resources/manual/2025/04/01/660853988892741.pdf,chengdu-annual,8040000,1935,Demographia 2025 (20th ed.) built-up urban area,built_up_urban_area,279.1,metro_only,system_field,,,true,true,true,true,true,true,true,true
hong-kong,Hong Kong,Hong Kong,Asia,metro,92,1900000000,2025,2025,calendar_year,passenger_journeys,passenger_journeys,system_rank,journey,medium,,,http://www.irasia.com/listco/hk/mtr/annual/2025/respress.htm,hong-kong-ts,7117000,290,Demographia 2025 (20th ed.) built-up urban area (not merged with Shenzhen due to border),built_up_urban_area,267.0,metro_plus_urban_rail,system_field,,,true,true,true,true,true,true,true,true
paris,Paris,France,Europe,metro,306,1479000000,2024,2024,calendar_year,passenger_journeys,passenger_journeys,system_rank,journey,high,,,https://ratpgroup.com/fr/rapport-activite-et-developpement-durable-2024/performances/,paris-annual,11282000,2854,Demographia 2025 (20th ed.) built-up urban area,built_up_urban_area,131.1,metro_plus_regional_rail,system_field,,,true,true,true,true,true,true,false,false
hangzhou,Hangzhou,China,Asia,metro,169,1469842700,2024,2024,calendar_year,unlinked_trips,station_entries,override:camet,boarding,high,verified,"CAMET 城市轨道交通2024年度统计和分析报告, 表3: 客运量 1,469,842,700 / 进站量 920,673,300. matches 客运量 exactly (ratio 1.0000)",https://infosharingp2-oss.camet.org.cn/resources/manual/2025/04/01/660853988892741.pdf,hangzhou-annual,12422000,1344,Demographia 2025 (20th ed.) built-up urban area 'Hangzhou-Shaoxing',built_up_urban_area,118.3,metro_only,system_field,,,true,true,true,true,true,true,true,true
cairo,Cairo,Egypt,Africa,metro,84,1460000000,2023,2023,calendar_year,estimated,estimated,system_rank,estimated,low,,,https://en.wikipedia.org/wiki/Cairo_Metro,cairo-annual,22684000,2696,Demographia 2025 (20th ed.) built-up urban area,built_up_urban_area,64.4,metro_only,system_field,,,true,true,true,true,true,true,true,true
wuhan,Wuhan,China,Asia,metro,201,1457000000,2024,2024,calendar_year,unlinked_trips,station_entries,override:camet,boarding,medium,verified,"CAMET 城市轨道交通2024年度统计和分析报告, 表3: 客运量 1,467,039,600 / 进站量 926,645,100. matches 客运量 to 0.7% (atlas year 2024 vs report year 2024)",https://infosharingp2-oss.camet.org.cn/resources/manual/2025/04/01/660853988892741.pdf,wuhan-annual,10041000,1821,Demographia 2025 (20th ed.) built-up urban area,built_up_urban_area,145.1,metro_only,system_field,,,true,true,true,true,true,true,true,true
chongqing,Chongqing,China,Asia,metro,168,1445000000,2024,2024,calendar_year,unlinked_trips,station_entries,override:camet,boarding,medium,verified,"CAMET 城市轨道交通2024年度统计和分析报告, 表3: 客运量 1,416,494,000 / 进站量 879,855,500. matches 客运量 to 2.0% (atlas year 2024 vs report year 2024)",https://infosharingp2-oss.camet.org.cn/resources/manual/2025/04/01/660853988892741.pdf,chongqing-annual,11524000,1580,Demographia 2025 (20th ed.) built-up urban area (NOT the ~32M municipality),built_up_urban_area,125.4,metro_only,system_field,,,true,true,true,true,true,true,true,true
xian,Xi'an,China,Asia,metro,100,1406401300,2024,2024,calendar_year,unlinked_trips,station_entries,override:camet,boarding,high,verified,"CAMET 城市轨道交通2024年度统计和分析报告, 表3: 客运量 1,406,401,300 / 进站量 910,339,600. matches 客运量 exactly (ratio 1.0000)",https://infosharingp2-oss.camet.org.cn/resources/manual/2025/04/01/660853988892741.pdf,xian-annual,8312000,1826,Demographia 2025 (20th ed.) built-up urban area,built_up_urban_area,169.2,metro_only,system_field,,,true,true,true,true,true,true,true,true
new-york,New York City,United States,North America,metro,464,1281883362,2025,2025,calendar_year,unlinked_trips,unlinked_trips,system_rank,boarding,high,,,https://www.mta.info/agency/new-york-city-transit/ridership/2025,new-york-ntd,20892000,11344,Demographia 2025 (20th ed.) built-up urban area 'New York NY-NJ-CT',built_up_urban_area,61.4,metro_only,system_field,,,true,true,true,true,true,true,true,true
singapore,Singapore,Singapore,Asia,metro,149,1273850000,2025,2025,calendar_year,estimated,estimated,system_rank,estimated,medium,,,https://data.gov.sg/datasets/d_ba615ec4cc5d9f5b7800ad82057f36f1/view,singapore-annual,6056000,523,Demographia 2025 (20th ed.) built-up urban area (=~whole city-state),built_up_urban_area,210.3,metro_plus_urban_rail,system_field,,,true,true,true,true,true,true,true,true
london,London,United Kingdom,Europe,metro,270,1181000000,2024,2024,calendar_year,station_entries,station_entries,system_rank,entries,high,,,https://content.tfl.gov.uk/travel-in-london-2024-annual-overview-acc.pdf,london-ts,11360000,1738,Demographia 2025 (20th ed.) built-up urban area,built_up_urban_area,104.0,metro_plus_regional_rail,system_field,,,true,true,true,true,true,true,false,false
mexico-city,Mexico City,Mexico,North America,metro,165,1171859113,2024,2024,calendar_year,station_entries,station_entries,system_rank,entries,medium,,,https://www.eluniversal.com.mx/metropoli/metro-de-la-cdmx-incrementa-5-su-afluencia-en-2024-pero-no-alcanza-niveles-prepandemia/,mexico-city-annual,18942000,2530,Demographia 2025 (20th ed.) built-up urban area,built_up_urban_area,61.9,metro_only,system_field,,,true,true,true,true,true,true,true,true
osaka,Osaka,Japan,Asia,metro,109,1114710000,2023,2023,calendar_year,estimated,estimated,system_rank,estimated,low,,,https://ja.wikipedia.org/wiki/%E5%A4%A7%E9%98%AA%E5%B8%82%E9%AB%98%E9%80%9F%E9%9B%BB%E6%B0%97%E8%BB%8C%E9%81%93,osaka-annual,14998000,3020,Demographia 2025 (20th ed.) built-up urban area 'Osaka-Kobe-Kyoto',built_up_urban_area,74.3,metro_only,system_field,,,true,true,true,true,true,true,true,true
prague,Prague,Czechia,Europe,metro+tram,25,1104935520,2024,2024,calendar_year,passenger_journeys,passenger_journeys,system_rank,journey,medium,,,https://data.praha.eu/praha-v-cislech/celkovy-pocet-cestujicich,prague-annual,2264690,,"Wikipedia 'Prague metropolitan area' page; no land-area figure given there (a separate 11,425 km2 figure elsewhere refers to a broad administrative planning region, not a built-up area, so omitted)",metro_region,487.9,multimodal_agency,override:fetched 2026-09-20,"data.praha.eu reports 1,104,935,520 for 2024 across the whole Prague Integrated Transport (PID) network, broken down metro ~36% (~379M), tram ~33%, city bus ~26%, regional bus ~5%. The stored value matches exactly, so it is an agency-wide figure ~2.9x the metro alone. Confirms the hypothesis in comparability.py's docstring.",https://data.praha.eu/praha-v-cislech/celkovy-pocet-cestujicich,true,true,true,false,true,true,false,false
nanjing,Nanjing,China,Asia,metro,159,1096000000,2024,2024,calendar_year,unlinked_trips,station_entries,override:camet,boarding,medium,verified,"CAMET 城市轨道交通2024年度统计和分析报告, 表3: 客运量 1,093,521,000 / 进站量 651,312,600. matches 客运量 to 0.2% (atlas year 2024 vs report year 2024)",https://infosharingp2-oss.camet.org.cn/resources/manual/2025/04/01/660853988892741.pdf,nanjing-annual,8929000,1614,Demographia 2025 (20th ed.) built-up urban area,built_up_urban_area,122.7,metro_only,system_field,,,true,true,true,true,true,true,true,true
changsha,Changsha,China,Asia,metro,102,1031632900,2024,2024,calendar_year,unlinked_trips,station_entries,override:camet,boarding,high,verified,"CAMET 城市轨道交通2024年度统计和分析报告, 表3: 客运量 1,031,632,900 / 进站量 559,764,900. matches 客运量 exactly (ratio 1.0000)",https://infosharingp2-oss.camet.org.cn/resources/manual/2025/04/01/660853988892741.pdf,changsha-annual,3709000,772,Demographia 2025 (20th ed.) built-up urban area,built_up_urban_area,278.1,metro_only,system_field,,,true,true,true,true,true,true,true,true
berlin,Berlin,Germany,Europe,metro,177,1010300000,2024,2024,calendar_year,estimated,estimated,system_rank,estimated,medium,,,https://www.bvg.de/dam/jcr:27ceb5b8-a738-400e-b288-0044d523d050/2025-05-05-bvg-in-zahlen-2024.pdf,berlin-annual,4371000,1393,Demographia 2025 (20th ed.) built-up urban area,built_up_urban_area,231.1,unknown,override:fetched 2026-09-20,"BVG in Zahlen 2024 reports Fahrgastfahrten (UBF) of 1,109.7 Mio for 2024 (1,066.3 for 2023), split U-Bahn 554.3 / Strassenbahn 226.1 / Omnibus einschliesslich Faehre 459.2 -- bus included, S-Bahn absent (S-Bahn Berlin is a separate DB company). The stored 1,010,300,000 matches no figure in the source, and the system string 'U-Bahn + S-Bahn Berlin' misstates coverage in both directions.",https://www.bvg.de/dam/jcr:27ceb5b8-a738-400e-b288-0044d523d050/2025-05-05-bvg-in-zahlen-2024.pdf,true,true,true,true,true,false,false,false
istanbul,Istanbul,Türkiye,Europe,metro,117,915314407,2024,2024,calendar_year,station_entries,station_entries,system_rank,entries,high,,,https://www.metro.istanbul/Content/assets/uploaded/Y%C4%B1llara%20G%C3%B6re%20Toplam%20Yolcu%20Say%C4%B1lar%C4%B1-TR-2024.pdf,istanbul-annual,14749000,1471,Demographia 2025 (20th ed.) built-up urban area,built_up_urban_area,62.1,metro_plus_regional_rail,system_field,,,true,true,true,true,true,true,false,false
sao-paulo,São Paulo,Brazil,South America,metro,63,892700000,2025,2025,calendar_year,passenger_journeys,passenger_journeys,system_rank,journey,medium,,,https://diariodotransporte.com.br/2026/04/08/metro-de-sao-paulo-transporta-mais-passageiros-bate-recorde-de-satisfacao-mas-prejuizo-dispara-em-2025/,sao-paulo-ts,21747000,3649,Demographia 2025 (20th ed.) built-up urban area,built_up_urban_area,41.0,metro_plus_regional_rail,system_field,,,true,true,true,true,true,true,false,false
vienna,Vienna,Austria,Europe,metro+tram,57,873000000,2024,2024,calendar_year,passenger_journeys,passenger_journeys,system_rank,journey,medium,,,https://presse.wien.gv.at/presse/2025/04/03/bilanz-2024-wiener-linien-erzielen-neuen-rekord-an-stammkund-innen,vienna-annual,2094000,337,Demographia 2025 (20th ed.) built-up urban area,built_up_urban_area,416.9,multimodal_agency,override:fetched 2026-09-20,"Wiener Linien 2024 press release: '2024 konnten die Wiener Linien 873 Millionen Fahrgaeste begruessen'. Wiener Linien operates U-Bahn, Strassenbahn AND Autobus; the 873,000,000 stored here is the agency total, not the rail-only figure the system string ('U-Bahn + Strassenbahn Wien') implies.",https://presse.wien.gv.at/presse/2025/04/03/bilanz-2024-wiener-linien-erzielen-neuen-rekord-an-stammkund-innen,true,true,true,true,true,true,false,false
taipei,Taipei,Taiwan,Asia,metro,111,770000000,2025,2025,calendar_year,station_entries,station_entries,system_rank,entries,high,,,https://news.ltn.com.tw/news/life/breakingnews/5427634,taipei-annual,9866000,1090,Demographia 2025 (20th ed.) built-up urban area,built_up_urban_area,78.0,metro_only,system_field,,,true,true,true,true,true,true,true,true
madrid,Madrid,Spain,Europe,metro,275,736874012,2025,2025,calendar_year,passenger_journeys,passenger_journeys,system_rank,journey,high,,,https://www.metromadrid.es/en/press-release/2026-01-16/in-2025-the-community-of-madrid-reaches-the-all-time-record-number-of-metro-users-with-a-total-of-736-874-012,madrid-annual,6966000,1365,Demographia 2025 (20th ed.) built-up urban area,built_up_urban_area,105.8,metro_only,system_field,,,true,true,true,true,true,true,true,true
zhengzhou,Zhengzhou,China,Asia,metro,91,697272500,2024,2024,calendar_year,unlinked_trips,station_entries,override:camet,boarding,high,verified,"CAMET 城市轨道交通2024年度统计和分析报告, 表3: 客运量 697,272,500 / 进站量 421,066,700. matches 客运量 exactly (ratio 1.0000)",https://infosharingp2-oss.camet.org.cn/resources/manual/2025/04/01/660853988892741.pdf,zhengzhou-annual,6860000,1785,Demographia 2025 (20th ed.) built-up urban area,built_up_urban_area,101.6,metro_only,system_field,,,true,true,true,true,true,true,true,true
tianjin,Tianjin,China,Asia,metro,143,674000000,2025,2025,calendar_year,unlinked_trips,station_entries,override:camet,boarding,medium,verified,"CAMET 城市轨道交通2024年度统计和分析报告, 表3: 客运量 641,395,200 / 进站量 398,767,600. matches 客运量 to 5.1% (atlas year 2025 vs report year 2024)",https://infosharingp2-oss.camet.org.cn/resources/manual/2025/04/01/660853988892741.pdf,tianjin-annual,12095000,2813,Demographia 2025 (20th ed.) built-up urban area,built_up_urban_area,55.7,metro_only,system_field,,,true,true,true,true,true,true,true,true
milan,Milan,Italy,Europe,metro,97,662200000,2023,2023,calendar_year,passenger_journeys,passenger_journeys,system_rank,journey,medium,,,https://risultati.atm.it/2023/files/12-Relazione-Annuale-Integrata-Gruppo-ATM-2023.pdf,milan-annual,5631000,2225,Demographia 2025 (20th ed.) built-up urban area,built_up_urban_area,117.6,metro_plus_urban_rail,system_field,,,true,true,true,true,true,true,true,true
santiago,Santiago,Chile,South America,metro,117,661000000,2025,2025,calendar_year,passenger_journeys,passenger_journeys,system_rank,journey,high,,,https://www.metro.cl/documentos/Presentacion_de_resultados_Metro_2025.pdf,santiago-ts,7192000,1147,Demographia 2025 (20th ed.) built-up urban area,built_up_urban_area,91.9,metro_only,system_field,,,true,true,true,true,true,true,true,true
suzhou,Suzhou,China,Asia,metro,126,637940700,2024,2024,calendar_year,unlinked_trips,station_entries,override:camet,boarding,high,verified,"CAMET 城市轨道交通2024年度统计和分析报告, 表3: 客运量 637,940,700 / 进站量 395,615,800. matches 客运量 exactly (ratio 1.0000)",https://infosharingp2-oss.camet.org.cn/resources/manual/2025/04/01/660853988892741.pdf,suzhou-annual,5492000,,"China 2020 census via Wikipedia infobox, urban-district resident population (excl. satellite county-cities Kunshan/Zhangjiagang/Changshu/Taicang); Demographia folds Suzhou into 'Shanghai-Changzhou' mega-conurbation so not usable per-city; extraction was messy, moderate confidence",built_up_urban_area,116.2,metro_only,system_field,,,true,true,true,true,true,true,true,true
hamburg,Hamburg,Germany,Europe,metro,81,552000000,2025,2025,calendar_year,passenger_journeys,passenger_journeys,system_rank,journey,medium,,,https://www.hochbahn.de/de/unternehmen/unternehmensbericht,hamburg-annual,2210000,795,Demographia 2025 (20th ed.) built-up urban area,built_up_urban_area,249.8,metro_plus_regional_rail,system_field,,,true,true,true,true,true,true,false,false
qingdao,Qingdao,China,Asia,metro,82,534000000,2025,2025,calendar_year,unlinked_trips,station_entries,override:camet,boarding,medium,verified,"CAMET 城市轨道交通2024年度统计和分析报告, 表3: 客运量 530,556,100 / 进站量 367,851,900. matches 客运量 to 0.6% (atlas year 2025 vs report year 2024)",https://infosharingp2-oss.camet.org.cn/resources/manual/2025/04/01/660853988892741.pdf,qingdao-annual,5806000,1759,Demographia 2025 (20th ed.) built-up urban area,built_up_urban_area,92.0,metro_only,system_field,,,true,true,true,true,true,true,true,true
hefei,Hefei,China,Asia,metro,77,524431400,2024,2024,calendar_year,unlinked_trips,station_entries,override:camet,boarding,high,verified,"CAMET 城市轨道交通2024年度统计和分析报告, 表3: 客运量 524,431,400 / 进站量 314,502,400. matches 客运量 exactly (ratio 1.0000)",https://infosharingp2-oss.camet.org.cn/resources/manual/2025/04/01/660853988892741.pdf,hefei-annual,5875000,894,Demographia 2025 (20th ed.) built-up urban area,built_up_urban_area,89.3,metro_only,system_field,,,true,true,true,true,true,true,true,true
shenyang,Shenyang,China,Asia,metro,84,508000000,2023,2023,calendar_year,,station_entries,override:camet,,low,unverified,"CAMET 城市轨道交通2024年度统计和分析报告, 表3: 客运量 658,105,200 / 进站量 420,738,500. matches neither column (客运量 x0.77, 进站量 x1.21); atlas vintage 2023 predates this report",https://infosharingp2-oss.camet.org.cn/resources/manual/2025/04/01/660853988892741.pdf,shenyang-annual,7768000,1551,Demographia 2025 (20th ed.) built-up urban area 'Shenyang-Fushun',built_up_urban_area,65.4,metro_only,system_field,,,true,false,true,true,true,true,true,false
saint-petersburg,Saint Petersburg,Russia,Europe,metro,75,495000000,2020,2020,calendar_year,passenger_journeys,passenger_journeys,system_rank,journey,low,,,https://ru.wikipedia.org/wiki/%D0%9F%D0%B5%D1%82%D0%B5%D1%80%D0%B1%D1%83%D1%80%D0%B3%D1%81%D0%BA%D0%B8%D0%B9_%D0%BC%D0%B5%D1%82%D1%80%D0%BE%D0%BF%D0%BE%D0%BB%D0%B8%D1%82%D0%B5%D0%BD,saint-petersburg-annual,5869000,1510,Demographia 2025 (20th ed.) built-up urban area,built_up_urban_area,84.3,metro_only,system_field,,,true,true,true,true,false,true,true,false
athens,Athens,Greece,Europe,metro,139,493800000,2013,2013,calendar_year,passenger_journeys,passenger_journeys,system_rank,journey,low,,,https://en.wikipedia.org/wiki/Athens_Metro,athens-annual,3360000,583,Demographia 2025 (20th ed.) built-up urban area,built_up_urban_area,147.0,metro_plus_urban_rail,system_field,,,true,true,true,true,false,true,true,false
barcelona,Barcelona,Spain,Europe,metro,152,468670000,2024,2024,calendar_year,station_entries,station_entries,system_rank,entries,high,,,https://www.idescat.cat/indicadors/?id=aec&n=15578&lang=es,barcelona-annual,5489000,1072,Demographia 2025 (20th ed.) built-up urban area,built_up_urban_area,85.4,metro_only,system_field,,,true,true,true,true,true,true,true,true
tunis,Tunis,Tunisia,Africa,lrt,59,460000000,2026,2026,calendar_year,passenger_journeys,passenger_journeys,system_rank,journey,low,,,https://fr.wikipedia.org/wiki/Soci%C3%A9t%C3%A9_des_transports_de_Tunis,tunis-annual,2802000,451,Demographia 2025 (20th ed.) built-up urban area,built_up_urban_area,164.2,tram_or_lrt_only,system_field,,,true,true,true,true,true,true,true,true
nagoya,Nagoya,Japan,Asia,metro,87,459900000,2024,2024,calendar_year,estimated,estimated,system_rank,estimated,medium,,,https://www.kotsu.city.nagoya.jp/rp/about/trp0005399.htm,nagoya-annual,9617000,3704,Demographia 2025 (20th ed.) built-up urban area,built_up_urban_area,47.8,metro_only,system_field,,,true,true,true,true,true,true,true,true
munich,Munich,Germany,Europe,metro,100,442000000,2025,2025,calendar_year,passenger_journeys,passenger_journeys,system_rank,journey,high,,,https://www.mvg.de/presse/pressemeldungen/2026-03-27-fahrgast-rekord.html?lang=en,munich-annual,2195000,482,Demographia 2025 (20th ed.) built-up urban area,built_up_urban_area,201.4,unknown,override:fetched 2026-09-20,"The cited MVG release reports '621 Millionen Fahrgaeste ... mit U-Bahn, Bus und Tram' for 2025 and does not mention S-Bahn. The stored figure is 442,000,000 for 2025, which matches neither that total nor the system string 'U-Bahn + S-Bahn Muenchen' (MVG does not operate the S-Bahn). Scope cannot be established from the citation on file.",https://www.mvg.de/presse/pressemeldungen/2026-03-27-fahrgast-rekord.html?lang=en,true,true,true,true,true,false,false,false
nanchang,Nanchang,China,Asia,metro,50,439000000,2024,2024,calendar_year,unlinked_trips,station_entries,override:camet,boarding,high,verified,"CAMET 城市轨道交通2024年度统计和分析报告, 表3: 客运量 438,953,600 / 进站量 262,470,600. matches 客运量 exactly (ratio 1.0001)",https://infosharingp2-oss.camet.org.cn/resources/manual/2025/04/01/660853988892741.pdf,nanchang-annual,3899000,777,Demographia 2025 (20th ed.) built-up urban area,built_up_urban_area,112.6,metro_only,system_field,,,true,true,true,true,true,true,true,true
toronto,Toronto,Canada,North America,metro+tram,65,420000000,2024,2024,calendar_year,unlinked_trips,unlinked_trips,system_rank,boarding,medium,,,https://www.toronto.ca/legdocs/mmis/2025/ttc/bgrd/backgroundfile-254392.pdf,toronto-ts,6400000,2344,Demographia 2025 (20th ed.) built-up urban area,built_up_urban_area,65.6,metro_only,system_field,,,true,true,true,true,true,true,true,true
brussels,Brussels,Belgium,Europe,metro+tram,115,402000000,2024,2024,calendar_year,linked_journeys,linked_journeys,system_rank,journey,medium,,,https://www.lavenir.net/regions/bruxelles/2025/01/08/la-stib-a-enregistre-plus-de-400-millions-de-voyages-en-2024-FPCXXD6J3BEDPJROLXLZDRTWHY/,brussels-annual,2309000,870,Demographia 2025 (20th ed.) built-up urban area,built_up_urban_area,174.1,metro_plus_urban_rail,system_field,,,true,true,true,true,true,true,true,true
caracas,Caracas,Venezuela,South America,metro,48,400000000,2014,2014,calendar_year,passenger_journeys,passenger_journeys,system_rank,journey,low,,,https://www.mppt.gob.ve/2015/mas-de-400-millones-de-usuarios-traslado-metro-de-caracas-en-el-2014/,caracas-annual,2574000,295,Demographia 2025 (20th ed.) built-up urban area,built_up_urban_area,155.4,metro_only,system_field,,,true,true,true,true,false,true,true,false
ningbo,Ningbo,China,Asia,metro,75,388000000,2024,2024,calendar_year,unlinked_trips,station_entries,override:camet,boarding,high,verified,"CAMET 城市轨道交通2024年度统计和分析报告, 表3: 客运量 388,076,200 / 进站量 221,477,600. matches 客运量 exactly (ratio 0.9998)",https://infosharingp2-oss.camet.org.cn/resources/manual/2025/04/01/660853988892741.pdf,ningbo-annual,4068000,943,Demographia 2025 (20th ed.) built-up urban area,built_up_urban_area,95.4,metro_only,system_field,,,true,true,true,true,true,true,true,true
sydney,Sydney,Australia,Oceania,metro,236,383090000,2025,2025,calendar_year,passenger_journeys,passenger_journeys,system_rank,journey,medium,,,https://en.wikipedia.org/wiki/Sydney_Trains,sydney-annual,5037000,2194,Demographia 2025 (20th ed.) built-up urban area,built_up_urban_area,76.1,metro_plus_regional_rail,system_field,,,true,true,true,true,true,true,false,false
tehran,Tehran,Iran,Middle East & Central Asia,metro,150,363000000,2025,2025,calendar_year,passenger_journeys,passenger_journeys,system_rank,journey,low,,,https://www.mehrnews.com/news/6817549/%D8%AC%D8%A7%D8%A8%D8%AC%D8%A7%DB%8C%DB%8C-%DB%B3%DB%B6%DB%B3-%D9%85%DB%8C%D9%84%DB%8C%D9%88%D9%86-%D9%85%D8%B3%D8%A7%D9%81%D8%B1-%D8%A8%D8%A7-%D9%85%D8%AA%D8%B1%D9%88-%D8%AA%D9%87%D8%B1%D8%A7%D9%86-%D8%AF%D8%B1-%D8%B3%D8%A7%D9%84-%DB%B1%DB%B4%DB%B0%DB%B4,tehran-annual,14137000,1704,Demographia 2025 (20th ed.) built-up urban area,built_up_urban_area,25.7,metro_only,system_field,,,true,true,true,true,true,true,true,true
harbin,Harbin,China,Asia,metro,26,361230700,2024,2024,calendar_year,unlinked_trips,station_entries,override:camet,boarding,high,verified,"CAMET 城市轨道交通2024年度统计和分析报告, 表3: 客运量 361,230,700 / 进站量 235,715,200. matches 客运量 exactly (ratio 1.0000)",https://infosharingp2-oss.camet.org.cn/resources/manual/2025/04/01/660853988892741.pdf,harbin-annual,4954000,671,Demographia 2025 (20th ed.) built-up urban area,built_up_urban_area,72.9,metro_only,system_field,,,true,true,true,true,true,true,true,true
melbourne,Melbourne,Australia,Oceania,tram,1229,337300000,2024,2024,calendar_year,passenger_journeys,passenger_journeys,system_rank,journey,medium,,,https://en.wikipedia.org/wiki/Trams_in_Melbourne,melbourne-annual,5185000,2880,Demographia 2025 (20th ed.) built-up urban area,built_up_urban_area,65.1,metro_plus_regional_rail,system_field,,,true,true,true,true,true,true,false,false
mumbai,Mumbai,India,Asia,metro,118,328500000,2025,2025,calendar_year,estimated,estimated,system_rank,estimated,low,,,https://en.wikipedia.org/wiki/Mumbai_Metro,mumbai-annual,26237000,1067,Demographia 2025 (20th ed.) built-up urban area,built_up_urban_area,12.5,metro_plus_urban_rail,system_field,,,true,true,true,true,true,true,true,true
rio-de-janeiro,Rio de Janeiro,Brazil,South America,metro,41,322100000,2024,2024,calendar_year,passenger_journeys,passenger_journeys,system_rank,journey,medium,,,https://grokipedia.com/page/List_of_Latin_American_rail_transit_systems_by_ridership,rio-de-janeiro-annual,12546000,2020,Demographia 2025 (20th ed.) built-up urban area,built_up_urban_area,25.7,metro_only,system_field,,,true,true,true,true,true,true,true,true
rome,Rome,Italy,Europe,metro,74,320000000,2019,2019,calendar_year,passenger_journeys,passenger_journeys,system_rank,journey,low,,,https://en.wikipedia.org/wiki/Rome_Metro,rome-annual,3293000,1145,Demographia 2025 (20th ed.) built-up urban area,built_up_urban_area,97.2,metro_only,system_field,,,true,true,true,true,false,true,true,false
busan,Busan,South Korea,Asia,metro,157,315460000,2024,2024,calendar_year,station_entries,station_entries,system_rank,entries,medium,,,https://www2.humetro.busan.kr/homepage/manage/page/subLocation.do?menu_no=10070302,busan-annual,3998000,596,Demographia 2025 (20th ed.) built-up urban area,built_up_urban_area,78.9,metro_only,system_field,,,true,true,true,true,true,true,true,true
stockholm,Stockholm,Sweden,Europe,metro,102,314000000,2024,2024,calendar_year,passenger_journeys,passenger_journeys,system_rank,journey,medium,,,https://www.trafa.se/globalassets/statistik/bantrafik/bantrafik/2024/bantrafik-2024.pdf,stockholm-annual,2321000,847,Demographia 2025 (20th ed.) built-up urban area,built_up_urban_area,135.3,metro_only,system_field,,,true,true,true,true,true,true,true,true
montreal,Montréal,Canada,North America,metro,68,311929200,2025,2025,calendar_year,unlinked_trips,unlinked_trips,system_rank,boarding,medium,,,https://www.apta.com/wp-content/uploads/2026/03/2025-Q4-Ridership-APTA.pdf,montreal-annual,4029000,1383,Demographia 2025 (20th ed.) built-up urban area,built_up_urban_area,77.4,metro_plus_regional_rail,system_field,,,true,true,true,true,true,true,false,false
medellin,Medellín,Colombia,South America,metro,27,308300000,2024,2024,calendar_year,passenger_journeys,passenger_journeys,system_rank,journey,high,,,https://www.metrodemedellin.gov.co/hubfs/memorias-de-sostenibilidad/2024/Memoria_%20Sostenibilidad_MetrodeMedellin_2024.pdf,medellin-annual,3255000,241,Demographia 2025 (20th ed.) built-up urban area,built_up_urban_area,94.7,metro_plus_urban_rail,system_field,,,true,true,true,true,true,true,true,true
kunming,Kunming,China,Asia,metro,83,307424100,2024,2024,calendar_year,unlinked_trips,station_entries,override:camet,boarding,high,verified,"CAMET 城市轨道交通2024年度统计和分析报告, 表3: 客运量 307,424,100 / 进站量 221,221,200. matches 客运量 exactly (ratio 1.0000)",https://infosharingp2-oss.camet.org.cn/resources/manual/2025/04/01/660853988892741.pdf,kunming-annual,3909000,855,Demographia 2025 (20th ed.) built-up urban area,built_up_urban_area,78.6,metro_only,system_field,,,true,true,true,true,true,true,true,true
kuala-lumpur,Kuala Lumpur,Malaysia,Asia,metro,218,296581044,2024,2024,calendar_year,estimated,estimated,system_rank,estimated,medium,,,https://myrapid.com.my/bus-train/ridership/,kuala-lumpur-ts,9899000,2163,Demographia 2025 (20th ed.) built-up urban area,built_up_urban_area,30.0,metro_plus_regional_rail,system_field,,,true,true,true,true,true,true,false,false
tashkent,Tashkent,Uzbekistan,Middle East & Central Asia,metro,49,286800000,2025,2025,calendar_year,station_entries,station_entries,system_rank,entries,medium,,,https://en.wikipedia.org/wiki/Tashkent_Metro,tashkent-annual,4036000,1075,Demographia 2025 (20th ed.) built-up urban area,built_up_urban_area,71.1,metro_only,system_field,,,true,true,true,true,true,true,true,true
bengaluru,Bengaluru,India,Asia,metro,74,276670000,2025,2025,calendar_year,estimated,estimated,system_rank,estimated,medium,,,https://www.nativeplanet.com/news/despite-strong-ridership-namma-metro-sees-deepening-losses-in-2024-25-as-depreciation-and-taxes-pus-018291.html,bengaluru-annual,16216000,1743,Demographia 2025 (20th ed.) built-up urban area,built_up_urban_area,17.1,metro_only,system_field,,,true,true,true,true,true,true,true,true
dubai,Dubai,United Arab Emirates,Middle East & Central Asia,metro,63,275400000,2024,2024,calendar_year,station_entries,station_entries,system_rank,entries,medium,,,https://en.wikipedia.org/wiki/Dubai_Metro,dubai-annual,5097000,1507,Demographia 2025 (20th ed.) built-up urban area,built_up_urban_area,54.0,metro_plus_urban_rail,system_field,,,true,true,true,true,true,true,true,true
changchun,Changchun,China,Asia,metro,84,271092600,2024,2024,calendar_year,unlinked_trips,station_entries,override:camet,boarding,high,verified,"CAMET 城市轨道交通2024年度统计和分析报告, 表3: 客运量 271,092,600 / 进站量 189,477,800. matches 客运量 exactly (ratio 1.0000)",https://infosharingp2-oss.camet.org.cn/resources/manual/2025/04/01/660853988892741.pdf,changchun-annual,3801000,818,Demographia 2025 (20th ed.) built-up urban area,built_up_urban_area,71.3,metro_only,system_field,,,true,true,true,true,true,true,true,true
dalian,Dalian,China,Asia,metro,67,267000000,2024,2024,calendar_year,unlinked_trips,station_entries,override:camet,boarding,medium,verified,"CAMET 城市轨道交通2024年度统计和分析报告, 表3: 客运量 276,594,500 / 进站量 205,794,000. matches 客运量 to 3.5% (atlas year 2024 vs report year 2024)",https://infosharingp2-oss.camet.org.cn/resources/manual/2025/04/01/660853988892741.pdf,dalian-annual,4157000,1044,Demographia 2025 (20th ed.) built-up urban area,built_up_urban_area,64.2,metro_only,system_field,,,true,true,true,true,true,true,true,true
bangkok,Bangkok,Thailand,Asia,metro,219,263955804,2024,2024,calendar_year,station_entries,station_entries,system_rank,entries,medium,,,https://en.wikipedia.org/wiki/BTS_Skytrain,bangkok-ts,20284000,3199,Demographia 2025 (20th ed.) built-up urban area,built_up_urban_area,13.0,metro_plus_regional_rail,system_field,,,true,true,true,true,true,true,false,false
guiyang,Guiyang,China,Asia,metro,25,255189600,2024,2024,calendar_year,unlinked_trips,station_entries,override:camet,boarding,high,verified,"CAMET 城市轨道交通2024年度统计和分析报告, 表3: 客运量 255,189,600 / 进站量 181,963,100. matches 客运量 exactly (ratio 1.0000)",https://infosharingp2-oss.camet.org.cn/resources/manual/2025/04/01/660853988892741.pdf,guiyang-annual,3350000,728,Demographia 2025 (20th ed.) built-up urban area,built_up_urban_area,76.2,metro_only,system_field,,,true,true,true,true,true,true,true,true
kyiv,Kyiv,Ukraine,Europe,metro,52,250000000,2025,2025,calendar_year,station_entries,station_entries,system_rank,entries,medium,,,https://glavcom.ua/kyiv/news/250-mln-pasazhiriv-ta-persha-zhinka-mashinistka-jakim-buv-2025-rik-u-kijivskomu-metro--1097937.html,kyiv-annual,2817000,761,Demographia 2025 (20th ed.) built-up urban area,built_up_urban_area,88.7,metro_only,system_field,,,true,true,true,true,true,true,true,true
budapest,Budapest,Hungary,Europe,metro+tram,63,247300000,2025,2025,calendar_year,passenger_journeys,passenger_journeys,system_rank,journey,medium,,,https://www.ksh.hu/stadat_files/sza/hu/sza0067.html,budapest-annual,2489000,997,Demographia 2025 (20th ed.) built-up urban area,built_up_urban_area,99.4,metro_plus_urban_rail,system_field,,,true,true,true,true,true,true,true,true
cologne,Cologne,Germany,Europe,lrt,637,236200000,2024,2024,calendar_year,passenger_journeys,passenger_journeys,system_rank,journey,medium,,,https://www.stadtwerkekoeln.de/pressemitteilungen/fahrgastzahlen-bei-der-kvb-sind-in-2024-nahezu-konstant-geblieben,cologne-annual,2270000,780,Demographia 2025 (20th ed.) built-up urban area 'Cologne-Bonn',built_up_urban_area,104.1,tram_or_lrt_only,system_field,,,true,true,true,true,true,true,true,true
buenos-aires,Buenos Aires,Argentina,South America,metro,90,236000000,2023,2023,calendar_year,station_entries,station_entries,system_rank,entries,medium,,,https://es.wikipedia.org/wiki/Subte_de_Buenos_Aires,buenos-aires-annual,15933000,3437,Demographia 2025 (20th ed.) built-up urban area,built_up_urban_area,14.8,metro_only,system_field,,,true,true,true,true,true,true,true,true
minsk,Minsk,Belarus,Europe,metro,36,233900000,2023,2023,calendar_year,passenger_journeys,passenger_journeys,system_rank,journey,medium,,,https://en.wikipedia.org/wiki/Minsk_Metro,minsk-annual,2147000,433,Demographia 2025 (20th ed.) built-up urban area,built_up_urban_area,108.9,metro_only,system_field,,,true,true,true,true,true,true,true,true
sapporo,Sapporo,Japan,Asia,metro,46,229875000,2024,2024,calendar_year,station_entries,station_entries,system_rank,entries,medium,,,https://www.jametro.or.jp/upload/data/txYrAazWqkWT.pdf,sapporo-annual,2206000,552,Demographia 2025 (20th ed.) built-up urban area,built_up_urban_area,104.2,metro_only,system_field,,,true,true,true,true,true,true,true,true
baku,Baku,Azerbaijan,Middle East & Central Asia,metro,27,229600000,2024,2024,calendar_year,passenger_journeys,passenger_journeys,system_rank,journey,medium,,,https://azertag.az/xeber/oten_il_baki_metrosundan_istifade_eden_sernisinlerin_sayi_artib-3390807,baku-annual,3075000,1210,Demographia 2025 (20th ed.) built-up urban area,built_up_urban_area,74.7,metro_only,system_field,,,true,true,true,true,true,true,true,true
yokohama,Yokohama,Japan,Asia,metro,40,228232000,2024,2024,calendar_year,station_entries,station_entries,system_rank,entries,medium,,,https://www.jametro.or.jp/upload/data/txYrAazWqkWT.pdf,yokohama-annual,3772726,437.4,"Wikipedia infobox, Yokohama city-proper population (Demographia merges Yokohama into 'Tokyo-Yokohama' 37.3M conurbation, not usable per-city since Tokyo is a separate entry)",city_proper,60.5,metro_only,system_field,,,true,true,true,false,true,true,true,false
kharkiv,Kharkiv,Ukraine,Europe,metro,29,223000000,2018,2018,calendar_year,passenger_journeys,passenger_journeys,system_rank,journey,low,,,https://en.wikipedia.org/wiki/Kharkiv_Metro,kharkiv-annual,1372000,394,Demographia 2025 (20th ed.) built-up urban area,built_up_urban_area,162.5,metro_only,system_field,,,true,true,true,true,false,true,true,false
lyon,Lyon,France,Europe,metro,45,219000000,2019,2019,calendar_year,passenger_journeys,passenger_journeys,system_rank,journey,medium,,,http://sytral-mobilites.fr/UserFiles/File/projet/consultations-passees/consultation-metro/faq-en-savoir-plus/sytral-dossier-de-consultation-web.pdf,lyon-annual,1460000,461,Demographia 2025 (20th ed.) built-up urban area,built_up_urban_area,150.0,metro_plus_urban_rail,system_field,,,true,true,true,true,false,true,true,false
kolkata,Kolkata,India,Asia,metro,56,218100000,2025,2025,calendar_year,passenger_journeys,passenger_journeys,system_rank,journey,high,,,https://www.uniindia.com/~/kolkata-metro-carries-21-81-cr-passenger-in-2024-25/Business%20Economy/news/3433709.html,kolkata-annual,20327000,1352,Demographia 2025 (20th ed.) built-up urban area,built_up_urban_area,10.7,metro_only,system_field,,,true,true,true,true,true,true,true,true
dusseldorf,Düsseldorf,Germany,Europe,lrt,1232,204700000,2024,2024,calendar_year,passenger_journeys,passenger_journeys,system_rank,journey,medium,,,https://duesseldorf-blog.de/2025/06/04/geschaeftsbericht-2024-rheinbahn-mit-rekord-32-millionen-fahrgaeste-mehr-als-im-vorjahr-unternehmen-schreibt-jedoch-rote-zahlen-in-hoehe-von-1422-millionen-euro/,dusseldorf-annual,6874000,2683,Demographia 2025 (20th ed.) built-up urban area 'Essen-Dusseldorf' (Rhine-Ruhr),built_up_urban_area,29.8,tram_or_lrt_only,system_field,,,true,true,true,true,true,true,true,true
warsaw,Warsaw,Poland,Europe,metro+tram,21,197300000,2024,2024,calendar_year,passenger_journeys,passenger_journeys,system_rank,journey,medium,,,https://en.wikipedia.org/wiki/Warsaw_Metro,warsaw-annual,2126000,546,Demographia 2025 (20th ed.) built-up urban area,built_up_urban_area,92.8,metro_plus_urban_rail,system_field,,,true,true,true,true,true,true,true,true
lima,Lima,Peru,South America,metro,26,191000000,2024,2024,calendar_year,passenger_journeys,passenger_journeys,system_rank,journey,medium,,,https://energiminas.com/2025/03/10/linea-1-del-metro-transportaria-212-millones-de-pasajeros-este-ano-11-mas-que-2024/,lima-annual,10914000,891,Demographia 2025 (20th ed.) built-up urban area,built_up_urban_area,17.5,metro_only,system_field,,,true,true,true,true,true,true,true,true
zurich,Zurich,Switzerland,Europe,tram,85,188600000,2024,2024,calendar_year,passenger_journeys,passenger_journeys,system_rank,journey,low,,,https://www.bahnonline.ch/75490/vbz-fahrgastzahlen-im-jahr-2024-weiter-angestiegen/,zurich-annual,2100000,2103,OECD Functional Urban Area via Wikipedia 'Zurich metropolitan area' page,metro_region,89.8,tram_or_lrt_only,system_field,,,true,true,true,false,true,true,true,false
dresden,Dresden,Germany,Europe,tram,482,183700000,2024,2024,calendar_year,passenger_journeys,passenger_journeys,system_rank,journey,high,,,https://www.dvb.de/de-de/die-dvb/unternehmen/zahlen-und-daten-neu,dresden-annual,790400,,"Wikipedia article text, Dresden agglomeration population; area not given",built_up_urban_area,232.4,tram_or_lrt_only,system_field,,,true,true,true,true,true,true,true,true
frankfurt,Frankfurt,Germany,Europe,metro+lrt,107,182440000,2024,2024,calendar_year,passenger_journeys,passenger_journeys,system_rank,journey,medium,,,https://www.vgf-ffm.de/fileadmin/VGF/Die_VGF/Zahlen_und_Berichte/Documents/Geschaeftsbericht_2024.pdf,frankfurt-annual,2111000,660,Demographia 2025 (20th ed.) built-up urban area,built_up_urban_area,86.4,metro_plus_regional_rail,system_field,,,true,true,true,true,true,true,false,false
ankara,Ankara,Türkiye,Europe,metro,77,173200000,2025,2025,calendar_year,passenger_journeys,passenger_journeys,system_rank,journey,medium,,,https://m.ego.gov.tr/dosya/indir/34218.pdf,ankara-annual,5638000,671,Demographia 2025 (20th ed.) built-up urban area,built_up_urban_area,30.7,metro_plus_urban_rail,system_field,,,true,true,true,true,true,true,true,true
lisbon,Lisbon,Portugal,Europe,metro,49,173000000,2019,2019,calendar_year,passenger_journeys,passenger_journeys,system_rank,journey,medium,,,https://en.wikipedia.org/wiki/Lisbon_Metro,lisbon-annual,2911000,951,Demographia 2025 (20th ed.) built-up urban area,built_up_urban_area,59.4,metro_only,system_field,,,true,true,true,true,false,true,true,false
guadalajara,Guadalajara,Mexico,North America,lrt,20,168605000,2024,2024,calendar_year,station_entries,station_entries,system_rank,entries,high,,,https://en.wikipedia.org/wiki/Sistema_de_Tren_El%C3%A9ctrico_Urbano,guadalajara-annual,4528000,816,Demographia 2025 (20th ed.) built-up urban area,built_up_urban_area,37.2,tram_or_lrt_only,system_field,,,true,true,true,true,true,true,true,true
leipzig,Leipzig,Germany,Europe,tram,682,166000000,2024,2024,calendar_year,passenger_journeys,passenger_journeys,system_rank,journey,medium,,,https://www.l-iz.de/wirtschaft/wirtschaft-leipzig/2025/07/lvb-bilanz-fuer-2024-mehr-fahrgaeste-mehr-umsatz-mehr-zuschuss-629230,leipzig-annual,633592,,"Wikipedia infobox, city-proper only (no distinct metro/urban-area figure found)",city_proper,262.0,tram_or_lrt_only,system_field,,,true,true,true,false,true,true,true,false
stuttgart,Stuttgart,Germany,Europe,lrt,192,165600000,2024,2024,calendar_year,passenger_journeys,passenger_journeys,system_rank,journey,medium,,,https://www.ssb-ag.de/fileadmin/04_Unternehmen/Informationen_und_Fakten/geschaeftsberichte/25-159_01_Geschaeftsbericht_03LowRes_finaler_Entwurf.pdf,stuttgart-annual,2735425,3654,"Wikipedia, Stuttgart Region (Verband Region Stuttgart) - metropolitan planning region, not a pure built-up area",metro_region,60.5,tram_or_lrt_only,system_field,,,true,true,true,false,true,true,true,false
hanover,Hanover,Germany,Europe,lrt,225,163500000,2024,2024,calendar_year,passenger_journeys,passenger_journeys,system_rank,journey,medium,,,https://www.zughalt.de/2025/05/uestra-mehr-fahrgaeste-und-mitarbeiter/,hanover-annual,1119032,,"Wikipedia infobox, Hannover Region (metropolitan district) population; exact year not clearly stated in source (a nearby figure cites 'ca. 1.16 million (2019)' for the same region, so treat as approx. late-2010s/early-2020s)",metro_region,146.1,tram_or_lrt_only,system_field,,,true,true,true,false,true,true,true,false
nuremberg,Nuremberg,Germany,Europe,metro,49,161300000,2024,2024,calendar_year,passenger_journeys,passenger_journeys,system_rank,journey,high,,,https://www.nordbayern.de/nuernberg/rekord-geknackt-161-3-millionen-menschen-in-nurnberg-nutzen-bus-und-bahn-trotzdem-minusgeschaft-1.14710988,nuremberg-annual,1400000,,"Wikipedia article text, Nuremberg-Furth-Erlangen built-up conurbation (~1.4 million, not the much larger 3.6M EU 'metropolitan region' planning area); year not stated in source, roughly contemporary with the city's 2024 population figure",built_up_urban_area,115.2,metro_only,system_field,,,true,true,true,true,true,true,true,true
rotterdam,Rotterdam,Netherlands,Europe,metro,70,160000000,2025,2025,calendar_year,unlinked_trips,unlinked_trips,system_rank,boarding,medium,,,https://corporate.ret.nl/nieuws/jaarverslag-2025-reizigers-centraal-en-voorsorteren-op-de-toekomst,rotterdam-annual,3099000,1015,Demographia 2025 (20th ed.) built-up urban area 'Rotterdam-The Hague',built_up_urban_area,51.6,metro_plus_urban_rail,system_field,,,true,true,true,true,true,true,true,true
kobe,Kobe,Japan,Asia,metro,26,159574289,2024,2024,calendar_year,station_entries,station_entries,system_rank,entries,medium,,,https://www.jametro.or.jp/upload/data/txYrAazWqkWT.pdf,kobe-annual,1521241,549.7,"Wikipedia infobox, Kobe city-proper population (2020); area derived from the article's stated density (~2,768/km2 => 1,521,241/2,768≈549.7 km2), since no direct area figure was given. Demographia merges Kobe into 'Osaka-Kobe-Kyoto' 15.0M conurbation, not usable per-city since Osaka is a separate entry in this dataset.",city_proper,104.9,metro_only,system_field,,,true,true,true,false,true,true,true,false
vancouver,Vancouver,Canada,North America,metro,54,146789800,2025,2025,calendar_year,station_entries,station_entries,system_rank,entries,medium,,,https://en.wikipedia.org/wiki/SkyTrain_(Vancouver),vancouver-annual,2833000,912,Demographia 2025 (20th ed.) built-up urban area,built_up_urban_area,51.8,metro_only,system_field,,,true,true,true,true,true,true,true,true
boston,Boston,United States,North America,metro+lrt,119,143119600,2025,2025,calendar_year,unlinked_trips,unlinked_trips,system_rank,boarding,high,,,https://www.apta.com/wp-content/uploads/2026/03/2025-Q4-Ridership-APTA.pdf,boston-ntd,4344000,4289,Demographia 2025 (20th ed.) built-up urban area,built_up_urban_area,32.9,metro_only,system_field,,,true,true,true,true,true,true,true,true
bucharest,Bucharest,Romania,Europe,metro,50,142783000,2023,2023,calendar_year,passenger_journeys,passenger_journeys,system_rank,journey,medium,,,https://www.metrorex.ro/storage/documents/1720090135Raport%20de%20activitate%202023%20Metrorex%20S.A..pdf,bucharest-annual,2115000,412,Demographia 2025 (20th ed.) built-up urban area,built_up_urban_area,67.5,metro_only,system_field,,,true,true,true,true,true,true,true,true
washington,"Washington, DC",United States,North America,metro,98,142093000,2025,2025,calendar_year,unlinked_trips,unlinked_trips,system_rank,boarding,medium,,,https://northernvirginiamag.com/news/2025/12/22/wmata-releases-2025-metro-rewind-with-ridership-stats/,washington-ntd,7636000,5600,Demographia 2025 (20th ed.) built-up urban area 'Washington-Baltimore',built_up_urban_area,18.6,metro_only,system_field,,,true,true,true,true,true,true,true,true
chicago,Chicago,United States,North America,metro,144,138392897,2025,2025,calendar_year,station_entries,station_entries,system_rank,entries,high,,,https://www.transitchicago.com/assets/1/6/Monthly_Ridership_2025-12.pdf,chicago-ntd,8790000,6532,"Demographia World Urban Areas 20th ed. (2025 data) (built-up urban area, Chicago IL-IN)",built_up_urban_area,15.7,metro_only,system_field,,,true,true,true,true,true,true,true,true
strasbourg,Strasbourg,France,Europe,tram,59,138300000,2024,2024,calendar_year,passenger_journeys,passenger_journeys,system_rank,journey,low,,,https://www.cts-strasbourg.eu/export/sites/default/.galleries/Documents/Rapport-dactivite-et-de-responsabilite-sociale-et-environnementale-de-la-CTS-2025.pdf,strasbourg-annual,489538,240.2,"INSEE unite urbaine 2020 de Strasbourg (partie francaise), built-up urban area, French side only, via French Wikipedia; broader aire d'attraction (functional area, includes commuting reach) was 1,020,744 in 2023",built_up_urban_area,282.5,tram_or_lrt_only,system_field,,,true,true,true,true,true,true,true,true
izmir,İzmir,Türkiye,Europe,metro,72,127373929,2024,2024,calendar_year,passenger_journeys,passenger_journeys,system_rank,journey,medium,,,https://www.tursid.org/rayli-sistem-verileri,izmir-annual,2567000,300,"Demographia World Urban Areas 20th ed. (2025 data), built-up urban area, rank 216; Izmir metropolitan municipality/province is much larger (4,493,242 in 2024, TUIK) since it covers the whole province",built_up_urban_area,49.6,metro_plus_regional_rail,system_field,,,true,true,true,true,true,true,false,false
sofia,Sofia,Bulgaria,Europe,metro,46,127200000,2024,2024,calendar_year,passenger_journeys,passenger_journeys,system_rank,journey,high,,,https://www.metropolitan.bg/aktualno/nad-127-mln.-ptniczi-e-prevozilo-metro-v-sofiya-prez-2024-g,sofia-annual,1280000,500,Wikipedia infobox city-proper (Stolichna Municipality); metro/urban estimates ~1.5-1.6M cited but boundary/area unclear so not used,city_proper,99.4,metro_only,system_field,,,true,true,true,false,true,true,true,false
kyoto,Kyoto,Japan,Asia,metro,31,127086000,2024,2024,calendar_year,station_entries,station_entries,system_rank,entries,medium,,,https://www.jametro.or.jp/upload/data/txYrAazWqkWT.pdf,kyoto-annual,2801044,,"Kyoto-Kusatsu Metropolitan Employment Area (Japan MEA definition) via Wikipedia; this is Kyoto's own metro area, distinct from the much larger Osaka-Kobe-Kyoto (Keihanshin) conurbation of ~17-19M which Kyoto's subway does not serve",metro_region,45.4,metro_only,system_field,,,true,true,true,false,true,true,true,false
copenhagen,Copenhagen,Denmark,Europe,metro,44,126000000,2024,2024,calendar_year,passenger_journeys,passenger_journeys,system_rank,journey,high,,,https://metroselskabet.dk/en/contact-and-press/press/press-releases/record-year-for-the-metro-six-million-more-passengers-in-2024/,copenhagen-annual,1396508,525.5,"Statistics Denmark 'byomrade' contiguous urban area via Wikipedia infobox; broader metro area 2,135,634 (2025)",metro_region,90.2,metro_only,system_field,,,true,true,true,false,true,true,true,false
gothenburg,Gothenburg,Sweden,Europe,tram,132,125000000,2024,2024,calendar_year,estimated,estimated,system_rank,estimated,medium,,,https://en.wikipedia.org/wiki/Gothenburg_tram_network,gothenburg-annual,674529,203.67,"Statistics Sweden tatort (contiguous built-up urban area) via Wikipedia infobox; broader metro region 1,080,980 (2023)",built_up_urban_area,185.3,tram_or_lrt_only,system_field,,,true,true,true,true,true,true,true,true
helsinki,Helsinki,Finland,Europe,metro+tram,30,124000000,2024,2024,calendar_year,passenger_journeys,passenger_journeys,system_rank,journey,high,,,https://kaupunkiliikenne.fi/content/uploads/2025/04/Vuosikertomus-2024.pdf,helsinki-annual,1360000,669.31,"Statistics Finland taajama (contiguous built-up urban area) via Wikipedia infobox, approx.; broader Greater Helsinki metro ~1,620,000",built_up_urban_area,91.2,metro_plus_urban_rail,system_field,,,true,true,true,true,true,true,true,true
zagreb,Zagreb,Croatia,Europe,tram,206,121800000,2024,2024,calendar_year,passenger_journeys,passenger_journeys,system_rank,journey,high,,,https://www.zagreb.hr/userdocsimages/arhiva/statistika/2024/prijevoz%202024/Prijevoz%20I%20-%20XII.%202024_web.pdf,zagreb-annual,663592,305.8,"Croatian census 'naselje Zagreb' built-up settlement via Wikipedia infobox (narrower than admin city 767,131/641km2); broader Zagreb urban agglomeration 1,086,528 (2021)",built_up_urban_area,183.5,tram_or_lrt_only,system_field,,,true,true,true,true,true,true,true,true
toulouse,Toulouse,France,Europe,metro,44,118297877,2024,2024,calendar_year,passenger_journeys,passenger_journeys,system_rank,journey,high,,,https://www.tisseo-collectivites.fr/sites/default/files/media/downloads/chiffres-cles_2024_interactive_corrections.pdf,toulouse-annual,1081726,957.5,"INSEE unite urbaine 2020 de Toulouse, built-up urban area, via French Wikipedia; broader aire d'attraction (functional area) was 1,513,396 in 2022",built_up_urban_area,109.4,metro_only,system_field,,,true,true,true,true,true,true,true,true
oslo,Oslo,Norway,Europe,metro,88,118000000,2016,2016,calendar_year,passenger_journeys,passenger_journeys,system_rank,journey,low,,,https://en.wikipedia.org/wiki/Oslo_Metro,oslo-annual,1110887,,"Statistics Norway 'tettsted' contiguous urban area via Wikipedia infobox; broader metro region ~1,546,706 (2021)",built_up_urban_area,106.2,metro_plus_urban_rail,system_field,,,true,true,true,true,false,true,true,false
salvador,Salvador,Brazil,South America,metro,18,117737000,2024,2024,calendar_year,passenger_journeys,passenger_journeys,system_rank,journey,high,,,https://badevalor.com.br/metro-de-salvador-alcanca-117737-milhoes-de-passageiros-em-2024/,salvador-annual,3957123,,"IBGE Regiao Metropolitana de Salvador (metro region) via Wikipedia infobox; city proper 2,417,678 (2022, 692.8 km2)",city_proper,29.8,metro_only,system_field,,,true,true,true,false,true,true,true,false
jinan,Jinan,China,Asia,metro,23,116398600,2024,2024,calendar_year,unlinked_trips,station_entries,override:camet,boarding,high,verified,"CAMET 城市轨道交通2024年度统计和分析报告, 表3: 客运量 116,398,600 / 进站量 83,374,500. matches 客运量 exactly (ratio 1.0000)",https://infosharingp2-oss.camet.org.cn/resources/manual/2025/04/01/660853988892741.pdf,jinan-annual,4209000,932,"Demographia World Urban Areas 20th ed. (2025 data) (built-up urban area, not whole Jinan prefecture)",built_up_urban_area,27.7,metro_only,system_field,,,true,true,true,true,true,true,true,true
panama-city,Panama City,Panama,North America,metro,32,114900000,2025,2025,calendar_year,station_entries,station_entries,system_rank,entries,high,,,https://www.infobae.com/panama/2026/02/07/panama-cerro-2025-con-1149-millones-de-pasajeros-en-el-metro-y-1399-millones-en-buses/,panama-city-annual,2100000,,"Wikipedia infobox metropolitan area estimate (rounded, year approximate); city proper 410,354 (2023 census)",city_proper,54.7,metro_only,system_field,,,true,true,true,false,true,true,true,false
tbilisi,Tbilisi,Georgia,Middle East & Central Asia,metro,23,113827000,2017,2017,calendar_year,station_entries,station_entries,system_rank,entries,low,,,https://en.wikipedia.org/wiki/Tbilisi_Metro,tbilisi-annual,1282600,,Wikipedia infobox city-proper population (Tbilisi city boundary is close to the built-up agglomeration; no separate metro figure found),city_proper,88.7,metro_only,system_field,,,true,true,true,false,false,true,true,false
basel,Basel,Switzerland,Europe,tram,108,113550000,2024,2024,calendar_year,passenger_journeys,passenger_journeys,system_rank,journey,medium,,,https://www.bvb.ch/wp-content/bvb/Dokumente/Geschaeftsberichte/2024/BVB_Geschaeftsbericht_2024.pdf,basel-annual,572556,,"Swiss Federal Statistical Office agglomeration (via citypopulation.de); broader cross-border trinational Basel agglomeration (France/Germany/Switzerland) estimated ~830,000",built_up_urban_area,198.3,tram_or_lrt_only,system_field,,,true,true,true,true,true,true,true,true
chennai,Chennai,India,Asia,metro,26,113238447,FY2025-26,2025,fiscal_year_apr_mar,passenger_journeys,passenger_journeys,system_rank,journey,high,,,https://chennaimetrorail.org/wp-content/uploads/2026/08/Media-wise-Ridership-details_Apr_2023-to-July_2026.pdf,chennai-annual,11950000,1225,Demographia World Urban Areas 20th ed. (2025 data) (built-up urban area),built_up_urban_area,9.5,metro_only,system_field,,,true,true,true,true,true,true,true,true
fuzhou,Fuzhou,China,Asia,metro,42,113000000,2022,2022,calendar_year,,station_entries,override:camet,,low,unverified,"CAMET 城市轨道交通2024年度统计和分析报告, 表3: 客运量 305,691,900 / 进站量 219,434,600. matches neither column (客运量 x0.37, 进站量 x0.51); atlas vintage 2022 predates this report",https://infosharingp2-oss.camet.org.cn/resources/manual/2025/04/01/660853988892741.pdf,fuzhou-annual,3997000,746,"Demographia World Urban Areas 20th ed. (2025 data) (built-up urban area, not whole Fuzhou prefecture)",built_up_urban_area,28.3,metro_only,system_field,,,true,false,true,true,true,true,true,false
lille,Lille,France,Europe,metro,12,112000000,2016,2016,calendar_year,passenger_journeys,passenger_journeys,system_rank,journey,low,,,https://fr.wikipedia.org/wiki/M%C3%A9tro_de_Lille,lille-annual,1053636,446.7,"INSEE unite urbaine (built-up urban area) via Wikipedia infobox; broader aire d'attraction was 1,515,061 (2020, 1666.4 km2)",built_up_urban_area,106.3,metro_only,system_field,,,true,true,true,true,false,true,true,false
montpellier,Montpellier,France,Europe,tram,83,110000000,2024,2024,calendar_year,passenger_journeys,passenger_journeys,system_rank,journey,low,,,https://www.lejournaltoulousain.fr/occitanie/herault/montpellier/bilan-mitige-un-an-gratuite-transports-montpellier-298192/,montpellier-annual,480915,310,"INSEE unite urbaine 2020 de Montpellier, built-up urban area, via French Wikipedia; broader aire d'attraction (functional area) was 813,272 in 2020",built_up_urban_area,228.7,tram_or_lrt_only,system_field,,,true,true,true,true,true,true,true,true
bursa,Bursa,Türkiye,Europe,lrt,78,109895653,2024,2024,calendar_year,passenger_journeys,passenger_journeys,system_rank,journey,medium,,,https://www.tursid.org/rayli-sistem-verileri,bursa-annual,2412000,212,"Demographia World Urban Areas 20th ed. (2025 data), built-up urban area, rank 230; Bursa metropolitan municipality/province much larger (~3.26M, 2025 TUIK est.) since it covers the whole province",built_up_urban_area,45.6,tram_or_lrt_only,system_field,,,true,true,true,true,true,true,true,true
santo-domingo,Santo Domingo,Dominican Republic,North America,metro,40,104003341,2023,2023,calendar_year,station_entries,station_entries,system_rank,entries,medium,,,https://presidencia.gob.do/noticias/el-metro-de-santo-domingo-rompe-record-de-usuarios-en-los-ultimos-12-meses,santo-domingo-annual,4574000,430,Demographia World Urban Areas 20th ed. (2025 data) (built-up urban area),built_up_urban_area,22.7,metro_only,system_field,,,true,true,true,true,true,true,true,true
recife,Recife,Brazil,South America,metro,26,102089000,2018,2018,calendar_year,passenger_journeys,passenger_journeys,system_rank,journey,low,,,https://en.wikipedia.org/wiki/Recife_Metro,recife-annual,4010000,534,Demographia World Urban Areas 20th ed. (2025 data) (built-up urban area),built_up_urban_area,25.5,metro_only,system_field,,,true,true,true,true,false,true,true,false
bilbao,Bilbao,Spain,Europe,metro,65,100000000,2024,2024,calendar_year,unlinked_trips,unlinked_trips,system_rank,boarding,high,,,https://en.wikipedia.org/wiki/Metro_Bilbao,bilbao-annual,1037847,,"Bilbao metropolitan area (Greater Bilbao) via Wikipedia infobox, year approximate",metro_region,96.4,metro_only,system_field,,,true,true,true,false,true,true,true,false
monterrey,Monterrey,Mexico,North America,metro,37,97090000,2025,2025,calendar_year,station_entries,station_entries,system_rank,entries,high,,,https://en.wikipedia.org/wiki/Metrorrey,monterrey-annual,4580000,1251,Demographia World Urban Areas 20th ed. (2025 data) (built-up urban area),built_up_urban_area,21.2,metro_only,system_field,,,true,true,true,true,true,true,true,true
bordeaux,Bordeaux,France,Europe,tram,126,96770000,2018,2018,calendar_year,passenger_journeys,passenger_journeys,system_rank,journey,medium,,,https://en.wikipedia.org/wiki/Bordeaux_tramway,bordeaux-annual,994920,1287.3,"INSEE unite urbaine (built-up urban area) via Wikipedia infobox; broader aire d'attraction was 1,376,375 (Jan 2020, 6315.6 km2)",built_up_urban_area,97.3,tram_or_lrt_only,system_field,,,true,true,true,true,false,true,true,false
calgary,Calgary,Canada,North America,lrt,45,94097200,2025,2025,calendar_year,unlinked_trips,unlinked_trips,system_rank,boarding,medium,,,https://en.wikipedia.org/wiki/CTrain,calgary-annual,1481806,5098.68,Statistics Canada Census Metropolitan Area (CMA) via Wikipedia infobox,metro_region,63.5,tram_or_lrt_only,system_field,,,true,true,true,false,true,true,true,false
sendai,Sendai,Japan,Asia,metro,29,93233000,2024,2024,calendar_year,station_entries,station_entries,system_rank,entries,medium,,,https://www.jametro.or.jp/upload/data/txYrAazWqkWT.pdf,sendai-annual,2331000,,"macrotrends.net metro area population time series (likely UN WUP-derived); city proper 1,098,335 (2023, 788.09 km2)",city_proper,40.0,metro_only,system_field,,,true,true,true,false,true,true,true,false
valencia,Valencia,Spain,Europe,metro,135,91100000,2024,2024,calendar_year,passenger_journeys,passenger_journeys,system_rank,journey,medium,,,https://en.wikipedia.org/wiki/Metrovalencia,valencia-annual,1595000,,"Wikipedia infobox 'urban area' figure (year approximate, ~2021 census-based); broader Eurostat metropolitan region 2,522,383 (2017)",unclassified,57.1,metro_only,system_field,,,true,true,true,false,true,true,true,false
philadelphia,Philadelphia,United States,North America,metro+lrt,52,90242900,2025,2025,calendar_year,unlinked_trips,unlinked_trips,system_rank,boarding,high,,,https://en.wikipedia.org/wiki/SEPTA_Metro,philadelphia-ntd,5697000,4916,"Demographia World Urban Areas 20th ed. (2025 data) (built-up urban area, Philadelphia PA-NJ-DE-MD)",built_up_urban_area,15.8,metro_only,system_field,,,true,true,true,true,true,true,true,true
the-hague,The Hague,Netherlands,Europe,tram,639,83967000,2018,2018,calendar_year,passenger_journeys,passenger_journeys,system_rank,journey,low,,,https://en.wikipedia.org/wiki/Trams_in_The_Hague,the-hague-annual,1050543,405,Haaglanden region (Wikipedia); dated (2013) but is the clearest agglomeration figure with matching area found; broader Rotterdam-The Hague metro ~2.6M,metro_region,79.9,metro_plus_regional_rail,system_field,,,true,true,true,false,false,true,false,false
wuxi,Wuxi,China,Asia,metro,66,81468000,2016,2016,calendar_year,,station_entries,override:camet,,low,unverified,"CAMET 城市轨道交通2024年度统计和分析报告, 表3: 客运量 242,069,900 / 进站量 159,068,700. matches neither column (客运量 x0.34, 进站量 x0.51); atlas vintage 2016 predates this report",https://infosharingp2-oss.camet.org.cn/resources/manual/2025/04/01/660853988892741.pdf,wuxi-annual,2780000,1015.5,"Partial sum of Wuxi's main urban districts (Liangxi 950k+Xishan 700k+Huishan 580k+Xinwu 550k) from official wuxi.gov.cn district data, permanent-population basis; EXCLUDES Binhu district (population not published) and the two county-level satellite cities Jiangyin (~1.21M) and Yixing, so likely understates true built-up population somewhat; full prefecture-level-city total is 7,495,000 (2024) but that spans a much larger area including separate satellite cities, similar to the Chongqing municipality-vs-urban-area gap",city_proper,29.3,metro_only,system_field,,,true,false,true,false,false,true,true,false
porto,Porto,Portugal,Europe,lrt,85,79000000,2023,2023,calendar_year,passenger_journeys,passenger_journeys,system_rank,journey,high,,,https://en.wikipedia.org/wiki/Porto_Metro,porto-annual,1387000,795,"Demographia World Urban Areas 20th ed. (2025 data), built-up urban area, rank 392",built_up_urban_area,57.0,tram_or_lrt_only,system_field,,,true,true,true,true,true,true,true,true
manila,Manila,Philippines,Asia,metro,44,78000000,2022,2022,calendar_year,passenger_journeys,passenger_journeys,system_rank,journey,low,,,https://en.wikipedia.org/wiki/Manila_Light_Rail_Transit_System_Line_1,manila-annual,25521000,1911,"Demographia World Urban Areas 20th ed. (2025 data), built-up urban area, rank 7",built_up_urban_area,3.1,metro_plus_urban_rail,system_field,,,true,true,true,true,true,true,true,true
marseille,Marseille,France,Europe,metro,24,76800000,2024,2024,calendar_year,passenger_journeys,passenger_journeys,system_rank,journey,high,,,https://www.rtm.fr/sites/default/files/docs/009%20RTM_RA2024%204.pdf,marseille-annual,1434000,689,"Demographia World Urban Areas 20th ed. (2025 data), built-up urban area, rank 378",built_up_urban_area,53.6,metro_plus_urban_rail,system_field,,,true,true,true,true,true,true,true,true
nantes,Nantes,France,Europe,tram,84,74600000,2025,2025,calendar_year,passenger_journeys,passenger_journeys,system_rank,journey,medium,,,https://www.semitan.fr/fr/histoire-et-chiffres-cles,nantes-annual,683313,498.6,"INSEE unite urbaine 2020 de Nantes, built-up urban area, via French Wikipedia; broader aire d'attraction (functional area) is over 1,000,000",built_up_urban_area,109.2,tram_or_lrt_only,system_field,,,true,true,true,true,true,true,true,true
karlsruhe,Karlsruhe,Germany,Europe,tram,184,71910000,2024,2024,calendar_year,passenger_journeys,passenger_journeys,system_rank,journey,medium,,,https://www.vbk.info/fileadmin/user_upload/vbk/Dateien/VBK_Geschaeftsbericht_2024_A4_screen.pdf,karlsruhe-annual,308436,173.46,"Wikipedia infobox city-proper (Stadtkreis Karlsruhe); no clean wider urban/metro area figure found, so city proper used (likely understates true urban-area population)",city_proper,233.1,tram_or_lrt_only,system_field,,,true,true,true,false,true,true,true,false
kaohsiung,Kaohsiung,Taiwan,Asia,metro,35,71300000,2025,2025,calendar_year,station_entries,station_entries,system_rank,entries,high,,,https://corp.krtc.com.tw/,kaohsiung-annual,2379000,376,"Demographia World Urban Areas 20th ed. (2025 data), built-up urban area, rank 233",built_up_urban_area,30.0,metro_plus_urban_rail,system_field,,,true,true,true,true,true,true,true,true
los-angeles,Los Angeles,United States,North America,metro+lrt,110,68764300,2025,2025,calendar_year,unlinked_trips,unlinked_trips,system_rank,boarding,medium,,,https://www.apta.com/wp-content/uploads/2026/03/2025-Q4-Ridership-APTA.pdf,los-angeles-ntd,15582000,6918,"Demographia World Urban Areas 20th ed. (2025 data), built-up urban area, rank 22; broadened definition merging adjacent conurbation (e.g. Inland Empire)",built_up_urban_area,4.4,metro_only,system_field,,,true,true,true,true,true,true,true,true
amsterdam,Amsterdam,Netherlands,Europe,metro+tram,114,66200000,2015,2015,calendar_year,passenger_journeys,passenger_journeys,system_rank,journey,low,,,https://en.wikipedia.org/wiki/Amsterdam_Metro,amsterdam-annual,1809000,487,"Demographia World Urban Areas 20th ed. (2025 data), built-up urban area, rank 296",built_up_urban_area,36.6,metro_plus_urban_rail,system_field,,,true,true,true,true,false,true,true,false
lahore,Lahore,Pakistan,Asia,metro,25,65230610,2023,2023,calendar_year,estimated,estimated,system_rank,estimated,low,,,https://www.dawn.com/news/1768572,lahore-annual,14256000,945,"Demographia World Urban Areas 20th ed. (2025 data), built-up urban area, rank 27",built_up_urban_area,4.6,metro_only,system_field,,,true,true,true,true,true,true,true,true
quito,Quito,Ecuador,South America,metro,15,63008757,2025,2025,calendar_year,passenger_journeys,passenger_journeys,system_rank,journey,medium,,,https://metrodequito.gob.ec/wp-content/uploads/2026/02/26-02-23-Boletin-Estadistico-02-2026.pdf,quito-annual,2895000,536,"Demographia World Urban Areas 20th ed. (2025 data), built-up urban area, rank 190",built_up_urban_area,21.8,metro_only,system_field,,,true,true,true,true,true,true,true,true
xiamen,Xiamen,China,Asia,metro,52,58030000,2019,2019,calendar_year,,station_entries,override:camet,,low,unverified,"CAMET 城市轨道交通2024年度统计和分析报告, 表3: 客运量 266,949,500 / 进站量 205,248,500. matches neither column (客运量 x0.22, 进站量 x0.28); atlas vintage 2019 predates this report",https://infosharingp2-oss.camet.org.cn/resources/manual/2025/04/01/660853988892741.pdf,xiamen-annual,6237000,448,"Demographia World Urban Areas 20th ed. (2025 data), built-up urban area 'Xiamen-Zhangzhou' combined, rank 79",built_up_urban_area,9.3,metro_only,system_field,,,true,false,true,true,false,true,true,false
san-francisco-bart,San Francisco Bay Area,United States,North America,metro,52,55610841,2025,2025,calendar_year,unlinked_trips,unlinked_trips,system_rank,boarding,high,,,https://www.bart.gov/about/reports/ridership,san-francisco-bart-ntd,3304000,1331,"Demographia World Urban Areas 20th ed. (2025 data), built-up urban area 'San Francisco-Oakland', rank 166",built_up_urban_area,16.8,metro_only,system_field,,,true,true,true,true,true,true,true,true
dublin,Dublin,Ireland,Europe,tram,54,54000000,2024,2024,calendar_year,passenger_journeys,passenger_journeys,system_rank,journey,high,,,https://www.nationaltransport.ie/news/record-breaking-passenger-numbers-on-pso-services-for-second-year/,dublin-annual,1453000,461,"Demographia World Urban Areas 20th ed. (2025 data), built-up urban area, rank 373",built_up_urban_area,37.2,tram_or_lrt_only,system_field,,,true,true,true,true,true,true,true,true
ahmedabad,Ahmedabad,India,Asia,metro,16,51029000,2025-26,2025,fiscal_year_apr_mar,passenger_journeys,passenger_journeys,system_rank,journey,medium,,,https://en.wikipedia.org/wiki/Ahmedabad_Metro,ahmedabad-annual,7961000,505,"Demographia World Urban Areas 20th ed. (2025 data), built-up urban area, rank 52",built_up_urban_area,6.4,metro_only,system_field,,,true,true,true,true,true,true,true,true
lausanne,Lausanne,Switzerland,Europe,metro,27,50000000,2023,2023,calendar_year,passenger_journeys,passenger_journeys,system_rank,journey,medium,,,https://fr.wikipedia.org/wiki/M%C3%A9tro_de_Lausanne,lausanne-annual,420000,,"Lausanne agglomeration via Wikipedia infobox, approx; broader Arc lemanique (Lake Geneva region incl. Geneva) is 1.3M+ (2017) but spans multiple separate transit systems so excluded",built_up_urban_area,119.0,metro_only,system_field,,,true,true,true,true,true,true,true,true
manchester,Manchester,United Kingdom,Europe,lrt,166,46000000,2025,2025,calendar_year,passenger_journeys,passenger_journeys,system_rank,journey,high,,,https://en.wikipedia.org/wiki/Manchester_Metrolink,manchester-annual,2726000,632,"Demographia World Urban Areas 20th ed. (2025 data), built-up urban area, rank 205",built_up_urban_area,16.9,tram_or_lrt_only,system_field,,,true,true,true,true,true,true,true,true
algiers,Algiers,Algeria,Africa,metro,19,46000000,2023,2023,calendar_year,passenger_journeys,passenger_journeys,system_rank,journey,medium,,,http://www.metroalger-dz.com/fr/statistiques.php,algiers-annual,3699000,443,"Demographia World Urban Areas 20th ed. (2025 data), built-up urban area, rank 145",built_up_urban_area,12.4,metro_plus_urban_rail,system_field,,,true,true,true,true,true,true,true,true
rennes,Rennes,France,Europe,metro,30,42020000,2022,2022,calendar_year,passenger_journeys,passenger_journeys,system_rank,journey,medium,,,https://en.wikipedia.org/wiki/Rennes_Metro,rennes-annual,371464,327.7,"INSEE unite urbaine (built-up urban area) via Wikipedia infobox; broader aire d'attraction was 771,320 (2021, 3804.3 km2)",built_up_urban_area,113.1,metro_only,system_field,,,true,true,true,true,true,true,true,true
brasilia,Brasília,Brazil,South America,metro,24,41550000,2025,2025,calendar_year,passenger_journeys,passenger_journeys,system_rank,journey,high,,,https://www.metrocptm.com.br/metro-do-df-perde-passageiros-pelo-segundo-ano-seguido-e-acende-alerta-no-setor/,brasilia-annual,3625000,963,"Demographia World Urban Areas 20th ed. (2025 data), built-up urban area, rank 149",built_up_urban_area,11.5,metro_only,system_field,,,true,true,true,true,true,true,true,true
jakarta,Jakarta,Indonesia,Asia,metro,18,40821000,2024,2024,calendar_year,passenger_journeys,passenger_journeys,system_rank,journey,medium,,,https://en.wikipedia.org/wiki/Jakarta_MRT,jakarta-annual,36877000,3546,"Demographia World Urban Areas 20th ed. (2025 data), built-up urban area, rank 4",built_up_urban_area,1.1,metro_plus_regional_rail,system_field,,,true,true,true,true,true,true,false,false
naples,Naples,Italy,Europe,metro,36,38259075,2024,2024,calendar_year,passenger_journeys,passenger_journeys,system_rank,journey,high,,,https://www.anm.it/resource/1768990802000/cartadellamobilita25,naples-annual,3676000,1031,"Demographia World Urban Areas 20th ed. (2025 data), built-up urban area, rank 146",built_up_urban_area,10.4,metro_only,system_field,,,true,true,true,true,true,true,true,true
san-diego,San Diego,United States,North America,lrt,68,38047300,2025,2025,calendar_year,unlinked_trips,unlinked_trips,system_rank,boarding,high,,,https://en.wikipedia.org/wiki/San_Diego_Trolley,san-diego-ntd,3053000,1748,"Demographia World Urban Areas 20th ed. (2025 data), built-up urban area, rank 181",built_up_urban_area,12.5,tram_or_lrt_only,system_field,,,true,true,true,true,true,true,true,true
seattle,Seattle,United States,North America,lrt,19,37800000,2025,2025,calendar_year,unlinked_trips,unlinked_trips,system_rank,boarding,high,,,https://en.wikipedia.org/wiki/Link_light_rail,seattle-ntd,3952000,3131,"Demographia World Urban Areas 20th ed. (2025 data), built-up urban area, rank 135",built_up_urban_area,9.6,tram_or_lrt_only,system_field,,,true,true,true,true,true,true,true,true
turin,Turin,Italy,Europe,metro,23,36500000,2023,2023,calendar_year,passenger_journeys,passenger_journeys,system_rank,journey,medium,,,https://it.wikipedia.org/wiki/Metropolitana_di_Torino,turin-annual,1516000,381,"Demographia World Urban Areas 20th ed. (2025 data), built-up urban area, rank 358",built_up_urban_area,24.1,metro_only,system_field,,,true,true,true,true,true,true,true,true
tel-aviv,Tel Aviv,Israel,Middle East & Central Asia,lrt,33,36500000,2024,2024,calendar_year,passenger_journeys,passenger_journeys,system_rank,journey,low,,,https://en.globes.co.il/en/article-passengers-shun-tel-aviv-light-rail-1001486834,tel-aviv-annual,3147000,578,"Demographia World Urban Areas 20th ed. (2025 data), built-up urban area, rank 175",built_up_urban_area,11.6,tram_or_lrt_only,system_field,,,true,true,true,true,true,true,true,true
san-francisco-muni,San Francisco,United States,North America,lrt,33,34229500,2025,2025,calendar_year,unlinked_trips,unlinked_trips,system_rank,boarding,high,,,https://en.wikipedia.org/wiki/Muni_Metro,san-francisco-muni-ntd,3304000,1331,"Demographia World Urban Areas 20th ed. (2025 data), built-up urban area 'San Francisco-Oakland', rank 166 (same urban area as BART, which also serves this city)",built_up_urban_area,10.4,tram_or_lrt_only,system_field,,,true,true,true,true,true,true,true,true
newcastle,Newcastle / Tyne and Wear,United Kingdom,Europe,metro,60,32200000,2025,2025,calendar_year,passenger_journeys,passenger_journeys,system_rank,journey,high,,,https://en.wikipedia.org/wiki/Tyne_and_Wear_Metro,newcastle-annual,774891,,"ONS Tyneside built-up-area conurbation population via Wikipedia (2011 census, most recent found); city proper (Newcastle metropolitan borough) 320,605 (2024)",city_proper,41.6,metro_only,system_field,,,true,true,true,false,true,true,true,false
rabat,Rabat,Morocco,Africa,tram,43,32000000,2015,2015,calendar_year,passenger_journeys,passenger_journeys,system_rank,journey,low,,,https://fr.wikipedia.org/wiki/Tramway_de_Rabat-Sal%C3%A9,rabat-annual,2082000,189,"Demographia World Urban Areas 20th ed. (2025 data), built-up urban area, rank 269",built_up_urban_area,15.4,tram_or_lrt_only,system_field,,,true,true,true,true,false,true,true,false
casablanca,Casablanca,Morocco,Africa,tram,119,31400000,2018,2018,calendar_year,estimated,estimated,system_rank,estimated,low,,,https://www.leconomiste.com/article/1021456-casa-tram-157-millions-de-passagers-en-5-ans,casablanca-annual,4608000,469,"Demographia World Urban Areas 20th ed. (2025 data), built-up urban area, rank 111",built_up_urban_area,6.8,multimodal_agency,system_field,,,true,true,true,true,false,true,false,false
atlanta,Atlanta,United States,North America,metro,38,30373600,2025,2025,calendar_year,unlinked_trips,unlinked_trips,system_rank,boarding,high,,,https://en.wikipedia.org/wiki/MARTA_rail,atlanta-ntd,5495000,7151,"Demographia World Urban Areas 20th ed. (2025 data), built-up urban area, rank 92",built_up_urban_area,5.5,metro_only,system_field,,,true,true,true,true,true,true,true,true
thessaloniki,Thessaloniki,Greece,Europe,metro,18,30000000,2025,2025,calendar_year,passenger_journeys,passenger_journeys,system_rank,journey,low,,,https://www.emakedonia.gr/metro-thessalonikis-tameio-me-30-ekatommyria-epivates-kai-kathara-kerdi-sto-proto-plires-etos-leitoyrgias-814388,thessaloniki-annual,1006112,,"Greek census urban agglomeration (Poleodomiko Sygkrotima Thessalonikis) via Wikipedia infobox; city-proper municipality only 317,778 (2021, 19.3km2)",city_proper,29.8,metro_only,system_field,,,true,true,true,false,true,true,true,false
miami,Miami,United States,North America,metro,23,22217800,2025,2025,calendar_year,unlinked_trips,unlinked_trips,system_rank,boarding,medium,,,https://en.wikipedia.org/wiki/Metrorail_(Miami-Dade_County),miami-ntd,6129000,3222,"Demographia World Urban Areas 20th ed. (2025 data), built-up urban area, rank 80",built_up_urban_area,3.6,metro_plus_urban_rail,system_field,,,true,true,true,true,true,true,true,true
portland,Portland,United States,North America,lrt,95,22100000,2025,2025,calendar_year,unlinked_trips,unlinked_trips,system_rank,boarding,high,,,https://en.wikipedia.org/wiki/MAX_Light_Rail,portland-ntd,2076000,1344,"Demographia World Urban Areas 20th ed. (2025 data), built-up urban area 'Portland OR-WA', rank 270",built_up_urban_area,10.6,tram_or_lrt_only,system_field,,,true,true,true,true,true,true,true,true
dallas,Dallas,United States,North America,lrt,72,21611600,2025,2025,calendar_year,unlinked_trips,unlinked_trips,system_rank,boarding,high,,,https://en.wikipedia.org/wiki/DART_rail,dallas-ntd,6980000,5307,"Demographia World Urban Areas 20th ed. (2025 data), built-up urban area 'Dallas-Fort Worth', rank 64",built_up_urban_area,3.1,tram_or_lrt_only,system_field,,,true,true,true,true,true,true,true,true
ottawa,Ottawa,Canada,North America,lrt,41,20838300,2024,2024,calendar_year,linked_journeys,linked_journeys,system_rank,journey,medium,,,https://en.wikipedia.org/wiki/O-Train,ottawa-annual,1488307,8046.99,Statistics Canada Census Metropolitan Area (Ottawa-Gatineau) via Wikipedia infobox; note CMA area includes large rural hinterland so density is not comparable to compact built-up areas,metro_region,14.0,tram_or_lrt_only,system_field,,,true,true,true,false,true,true,true,false
ho-chi-minh-city,Ho Chi Minh City,Vietnam,Asia,metro,11,20463587,2025,2025,calendar_year,passenger_journeys,passenger_journeys,system_rank,journey,high,,,https://cafef.vn/metro-so-1-tphcm-don-hon-20-trieu-luot-khach-ngan-sach-tro-gia-278-ty-vuot-xa-tien-ban-ve-188260521230557608.chn,ho-chi-minh-city-annual,16024000,2274,"Demographia World Urban Areas 20th ed. (2025 data), built-up urban area, rank 20",built_up_urban_area,1.3,metro_only,system_field,,,true,true,true,true,true,true,true,true
addis-ababa,Addis Ababa,Ethiopia,Africa,lrt,43,20440000,2023,2023,calendar_year,estimated,estimated,system_rank,estimated,low,,,https://en.wikipedia.org/wiki/Addis_Ababa_Light_Rail,addis-ababa-annual,7922000,673,"Demographia World Urban Areas 20th ed. (2025 data), built-up urban area, rank 53; NOTE: sources disagree substantially for this fast-growing, boundary-ambiguous city (Wikipedia cites ~5.7M in 2024, Statista ~3.6M in 2023 for city proper) -- treat with extra caution",city_proper,2.6,tram_or_lrt_only,system_field,,,true,true,true,false,true,true,true,false
porto-alegre,Porto Alegre,Brazil,South America,metro,23,20134159,2024,2024,calendar_year,passenger_journeys,passenger_journeys,system_rank,journey,high,,,https://anptrilhos.org.br/em-ano-mais-desafiador-de-sua-historia-trensurb-transportou-2013-milhoes-de-passageiros/,porto-alegre-annual,3556000,899,"Demographia World Urban Areas 20th ed. (2025 data), built-up urban area, rank 152",built_up_urban_area,5.7,metro_only,system_field,,,true,true,true,true,true,true,true,true
hanoi,Hanoi,Vietnam,Asia,metro,19,20000000,2025,2025,calendar_year,passenger_journeys,passenger_journeys,system_rank,journey,medium,,,https://vtv.vn/metro-ha-noi-can-moc-hon-20-trieu-luot-hanh-khach-trong-nam-2025-100260109110618498.htm,hanoi-annual,5700000,1256,"Demographia World Urban Areas 20th ed. (2025 data), built-up urban area, rank 87",built_up_urban_area,3.5,metro_only,system_field,,,true,true,true,true,true,true,true,true
shiraz,Shiraz,Iran,Middle East & Central Asia,metro,29,18000000,2018,2018,calendar_year,station_entries,station_entries,system_rank,entries,low,,,https://en.wikipedia.org/wiki/Shiraz_Metro,shiraz-annual,1995500,240,"City-proper population, Iran 2021 census, via Wikipedia infobox (no reliable separately-sourced metro-area figure found; an older, likely outdated 'metro 1.8M (2016)' estimate exists but is inconsistent with the 2021 city figure so excluded)",city_proper,9.0,metro_only,system_field,,,true,true,true,false,false,true,true,false
minneapolis,Minneapolis–St. Paul,United States,North America,lrt,37,15500000,2024,2024,calendar_year,unlinked_trips,unlinked_trips,system_rank,boarding,medium,,,https://www.metrotransit.org/annual-ridership-grows-to-475-million-rides-in-2024,minneapolis-ntd,2904000,2629,"Demographia World Urban Areas 20th ed. (2025 data), built-up urban area, rank 189",built_up_urban_area,5.3,metro_plus_urban_rail,system_field,,,true,true,true,true,true,true,true,true
salt-lake-city,Salt Lake City,United States,North America,lrt,56,13279100,2025,2025,calendar_year,unlinked_trips,unlinked_trips,system_rank,boarding,high,,,https://en.wikipedia.org/wiki/TRAX_(light_rail),salt-lake-city-ntd,2455000,1746,"Demographia World Urban Areas 20th ed. (2025 data), built-up urban area, rank 222",built_up_urban_area,5.4,tram_or_lrt_only,system_field,,,true,true,true,true,true,true,true,true
glasgow,Glasgow,United Kingdom,Europe,metro,15,13000000,2025,2025,calendar_year,passenger_journeys,passenger_journeys,system_rank,journey,medium,,,https://en.wikipedia.org/wiki/Glasgow_Subway,glasgow-annual,985290,265,"Greater Glasgow built-up urban area via Wikipedia infobox; city proper (council area) 650,300 (2024, 175km2); broader Glasgow City Region 1.8M+",city_proper,13.2,metro_only,system_field,,,true,true,true,false,true,true,true,false
houston,Houston,United States,North America,lrt,44,12651100,2025,2025,calendar_year,unlinked_trips,unlinked_trips,system_rank,boarding,high,,,https://en.wikipedia.org/wiki/METRORail,houston-ntd,6804000,5390,"Demographia World Urban Areas 20th ed. (2025 data), built-up urban area, rank 71",built_up_urban_area,1.9,tram_or_lrt_only,system_field,,,true,true,true,true,true,true,true,true
phoenix,Phoenix,United States,North America,lrt,53,11100300,2025,2025,calendar_year,unlinked_trips,unlinked_trips,system_rank,boarding,high,,,https://en.wikipedia.org/wiki/Valley_Metro_Rail,phoenix-ntd,4600000,3235,"Demographia World Urban Areas 20th ed. (2025 data), built-up urban area, rank 112",built_up_urban_area,2.4,tram_or_lrt_only,system_field,,,true,true,true,true,true,true,true,true
denver,Denver,United States,North America,lrt,56,10568000,2025,2025,calendar_year,unlinked_trips,unlinked_trips,system_rank,boarding,high,,,https://en.wikipedia.org/wiki/Regional_Transportation_District,denver-ntd,2892000,1577,"Demographia World Urban Areas 20th ed. (2025 data), built-up urban area, rank 191",built_up_urban_area,3.7,tram_or_lrt_only,system_field,,,true,true,true,true,true,true,true,true
baltimore,Baltimore,United States,North America,metro+lrt,47,9625500,2025,2025,calendar_year,unlinked_trips,unlinked_trips,system_rank,boarding,medium,,,https://en.wikipedia.org/wiki/Baltimore_Metro_SubwayLink,baltimore-ntd,2860000,,"Baltimore Metropolitan Statistical Area, approx (Wikipedia infobox; Demographia 2025 merges Baltimore into combined 'Washington-Baltimore' 7.6M built-up area, not specific enough to Baltimore's own transit service area, so MSA used instead); city proper 585,708 (2020 census)",city_proper,3.4,metro_plus_urban_rail,system_field,,,true,true,true,false,true,true,true,false
pune,Pune,India,Asia,metro,45,9302891,2023,2023,calendar_year,passenger_journeys,passenger_journeys,system_rank,journey,medium,,,https://en.wikipedia.org/wiki/Pune_Metro,pune-annual,6944000,650,"Demographia World Urban Areas 20th ed. (2025 data), built-up urban area, rank 66",built_up_urban_area,1.3,metro_only,system_field,,,true,true,true,true,true,true,true,true
st-louis,St. Louis,United States,North America,lrt,28,7665000,2025,2025,calendar_year,unlinked_trips,unlinked_trips,system_rank,boarding,high,,,https://en.wikipedia.org/wiki/MetroLink_(St._Louis),st-louis-ntd,2193000,2512,"Demographia World Urban Areas 20th ed. (2025 data), built-up urban area, rank 250",built_up_urban_area,3.5,tram_or_lrt_only,system_field,,,true,true,true,true,true,true,true,true
sacramento,Sacramento,United States,North America,lrt,52,7410000,2025,2025,calendar_year,unlinked_trips,unlinked_trips,system_rank,boarding,high,,,https://en.wikipedia.org/wiki/SacRT_light_rail,sacramento-ntd,1970000,1212,"Demographia World Urban Areas 20th ed. (2025 data), built-up urban area, rank 283",built_up_urban_area,3.8,tram_or_lrt_only,system_field,,,true,true,true,true,true,true,true,true
charlotte,Charlotte,United States,North America,lrt,26,5956914,2025,2025,calendar_year,unlinked_trips,unlinked_trips,system_rank,boarding,high,,,https://data.transportation.gov/Public-Transit/Complete-Monthly-Ridership-with-Adjustments-and-Es/8bui-9xvu,charlotte-ntd,2214000,3631,"Demographia World Urban Areas 20th ed. (2025 data), built-up urban area, rank 246",built_up_urban_area,2.7,tram_or_lrt_only,system_field,,,true,true,true,true,true,true,true,true
san-jose,San Jose,United States,North America,lrt,62,4469300,2025,2025,calendar_year,unlinked_trips,unlinked_trips,system_rank,boarding,high,,,https://en.wikipedia.org/wiki/VTA_light_rail,san-jose-ntd,2000468,,"San Jose-Sunnyvale-Santa Clara Metropolitan Statistical Area via Wikipedia infobox (Demographia 2025 merges San Jose into a combined 'San Francisco-San Jose' 6.38M built-up area, not specific enough to San Jose's own VTA service area, so MSA used instead); city proper 1,013,240 (2020 census)",city_proper,2.2,tram_or_lrt_only,system_field,,,true,true,true,false,true,true,true,false
lagos,Lagos,Nigeria,Africa,metro,14,3000000,2025,2025,calendar_year,estimated,estimated,system_rank,estimated,low,,,https://en.wikipedia.org/wiki/Blue_Line_(Lagos),lagos-annual,15283000,2585,"Demographia World Urban Areas 20th ed. (2025 data), built-up urban area, rank 23",built_up_urban_area,0.2,metro_only,system_field,,,true,true,true,true,true,true,true,true
edmonton,Edmonton,Canada,North America,lrt,29,,,,,,,,,low,,,,,1418118,9416.19,Statistics Canada Census Metropolitan Area (CMA) via Wikipedia infobox; note CMA area includes large rural hinterland so density is not comparable to compact built-up areas,metro_region,,tram_or_lrt_only,system_field,,,false,false,false,false,false,true,true,false
antwerp,Antwerp,Belgium,Europe,tram,752,,,,,,,,,low,,,,,1230000,,"Wikipedia infobox metropolitan-area estimate (year approximate); city proper 565,039 (2024, 208.22 km2)",city_proper,,metro_plus_urban_rail,system_field,,,false,false,false,false,false,true,true,false
krakow,Kraków,Poland,Europe,tram,383,,,,,,,,,low,,,,,1498499,4065.11,"Krakow metropolitan area via Wikipedia infobox (June 2023); city proper 804,237 (2023, 326.8 km2)",city_proper,,tram_or_lrt_only,system_field,,,false,false,false,false,false,true,true,false
mashhad,Mashhad,Iran,Middle East & Central Asia,metro,22,,,,,,,,,low,,,,,5321000,474,"Demographia World Urban Areas 20th ed. (2025 data), built-up urban area, rank 97",built_up_urban_area,,metro_only,system_field,,,false,false,false,true,false,true,true,false
doha,Doha,Qatar,Middle East & Central Asia,metro,21,52900000,2024,2024,calendar_year,,"estimated annual ridership, derived from the pace between two precisely-dated cumulative lifetime-ridership milestones announced by Qatar Rail",override:research,,low,disputed,"No published annual figure located. Qatar Rail reports only cumulative lifetime totals and an approximate 300,000/day rate. The commonly-cited 53.0M (2023) carries no citation.",,doha-annual,2141000,575,"Demographia World Urban Areas 20th ed. (2025 data), built-up urban area, rank 257",built_up_urban_area,24.7,metro_plus_urban_rail,system_field,,,true,false,false,true,true,true,true,false
riyadh,Riyadh,Saudi Arabia,Middle East & Central Asia,metro,72,,,,,,,,,low,,,,,8589000,1673,"Demographia World Urban Areas 20th ed. (2025 data), built-up urban area, rank 49",built_up_urban_area,,metro_only,system_field,,,false,false,false,true,false,true,true,false
dhaka,Dhaka,Bangladesh,Asia,metro,16,146000000,2025,2025,calendar_year,,"estimated annual passenger trips, derived from reported average daily ridership (single line, MRT Line 6)",override:research,,low,disputed,"No published annual figure located. DMTCL publishes daily and per-station data only. A commonly-cited 100.38M (2024) traces to a news report, not the operator.",,dhaka-annual,25305000,1083,"Demographia World Urban Areas 20th ed. (2025 data), built-up urban area, rank 8",built_up_urban_area,5.8,metro_only,system_field,,,true,false,false,true,true,true,true,false
nanning,Nanning,China,Asia,metro,80,365237100,2024,2024,calendar_year,unlinked_trips,unlinked_trips,override:camet,boarding,high,verified,"CAMET 城市轨道交通2024年度统计和分析报告, 表3: 客运量 365,237,100 / 进站量 216,099,900. matches 客运量 exactly (ratio 1.0000)",https://infosharingp2-oss.camet.org.cn/resources/manual/2025/04/01/660853988892741.pdf,nanning-annual,4054000,492,"Demographia World Urban Areas 20th ed. (2025 data), built-up urban area, rank 128",built_up_urban_area,90.1,metro_only,system_field,,,true,true,true,true,true,true,true,true
shijiazhuang,Shijiazhuang,China,Asia,metro,48,189000000,2025,2025,calendar_year,unlinked_trips,unlinked_trips,override:camet,boarding,medium,verified,"CAMET 城市轨道交通2024年度统计和分析报告, 表3: 客运量 198,233,800 / 进站量 137,069,400. matches 客运量 to 4.7% (atlas year 2025 vs report year 2024)",https://infosharingp2-oss.camet.org.cn/resources/manual/2025/04/01/660853988892741.pdf,shijiazhuang-annual,3788000,881,"Demographia World Urban Areas 20th ed. (2025 data), built-up urban area, rank 143",built_up_urban_area,49.9,metro_only,system_field,,,true,true,true,true,true,true,true,true
hyderabad,Hyderabad,India,Asia,metro,58,161965658,2025,2025,calendar_year,passenger_journeys,"boardings, summed from 12 consecutive official monthly ridership totals published by the operator (Indian FY2024-25: April 2024-March 2025)",override:research,journey,low,unverified,"L&T Metro Rail publishes monthly ridership at this URL and a reported Apr2024-Mar2025 sum reproduces the recorded 161,965,658. Not independently re-confirmed here, and the page states no counting convention; 'passenger_journeys' is inferred from operator AFC practice, not from a definition. Separately: the figure is FY2024-25 (Apr-Mar) while annual_year records 2025.",https://ltmetro.com/ridership/,hyderabad-annual,10101000,1689,"Demographia World Urban Areas 20th ed. (2025 data), built-up urban area, rank 41",built_up_urban_area,16.0,metro_only,system_field,,,true,true,true,true,true,true,true,true
kochi,Kochi,India,Asia,metro,25,36412974,2025,2025,calendar_year,passenger_journeys,passenger_journeys,override:research,journey,low,unverified,"KMRL publishes monthly ridership here. Checked 2026-09-20: the table carried only Jan-Apr 2025 (sum 11,157,056), so the recorded 36,412,974 for calendar 2025 could NOT be confirmed. The page labels the column 'Ridership' and defines no convention; journeys and boardings coincide anyway on a single-line network.",https://kochimetro.org/ridership/,kochi-annual,2584000,440,"Demographia World Urban Areas 20th ed. (2025 data), built-up urban area, rank 214",built_up_urban_area,14.1,metro_only,system_field,,,true,true,true,true,true,true,true,true
nagpur,Nagpur,India,Asia,metro,37,31600000,2025,2025,calendar_year,,passenger_journeys,override:research,,low,disputed,"Recorded 31,600,000 matches no located source. Maha Metro's 2024-25 annual report gives approximately 26.9 million; a widely-copied 40.15M is itself extrapolated from a 110,000/day figure. Convention undetermined.",,nagpur-annual,3400000,383,"Demographia World Urban Areas 20th ed. (2025 data), built-up urban area, rank 161",built_up_urban_area,9.3,metro_only,system_field,,,true,false,false,true,true,true,true,false
fukuoka,Fukuoka,Japan,Asia,metro,36,191340665,2024,2024,calendar_year,estimated,"estimated annual boardings (乗車人員), derived from the operator's official daily-average figure x 365 for FY2024 (April 2024-March 2025, Japanese fiscal year)",override:research,estimated,medium,unverified,"Fukuoka City Subway publishes 輸送人員 as a daily average. The recorded 191,340,665 reproduces as FY2024 daily average 524,221 x 365, i.e. it is derived from a daily figure rather than a reported annual total. FY2024 = Apr 2024-Mar 2025, while annual_year records 2024.",https://subway.city.fukuoka.lg.jp/subway/management/transport.php,fukuoka-annual,2447000,505,"Demographia World Urban Areas 20th ed. (2025 data), built-up urban area, rank 226",built_up_urban_area,78.2,metro_only,system_field,,,true,true,true,true,true,true,true,true
daegu,Daegu,South Korea,Asia,metro,58,141985000,2023,2023,calendar_year,estimated,"estimated annual boardings (승차인원), derived from reported average daily ridership across Lines 1-3",override:research,estimated,low,unverified,"Korean 수송인원 is defined 승차기준 (boarding basis), 유입인원 excluded, so the convention is boardings-like; but the per-operator table is JavaScript-loaded and the recorded 141,985,000 was not confirmed against it. Left as 'estimated' because the value is a derivation from a daily average.",https://www.index.go.kr/unity/potal/main/EachDtlPageDetail.do?idx_cd=1259,daegu-annual,2308000,251,"Demographia World Urban Areas 20th ed. (2025 data), built-up urban area, rank 239",built_up_urban_area,61.5,metro_only,system_field,,,true,true,true,true,true,true,true,true
incheon,Incheon,South Korea,Asia,metro,68,170486755,2025,2025,calendar_year,,"estimated annual boardings, sum of Line 1 and Line 2 average daily ridership (each from a separate news report with a slightly different reference period) x 365",override:research,,low,disputed,"Official ICTR series (data.go.kr dataset 15051190) gives 2025 수송인원 232,640,801 / 승차인원 154,876,634 / 유입인원 77,764,167. No year-and-column combination in the 1999-2025 file equals the recorded 170,486,755.",https://www.data.go.kr/data/15051190/fileData.do,incheon-annual,2945454,,"Incheon Metropolitan City population via Wikipedia (Demographia 2025 merges Incheon into combined 'Seoul-Incheon' 23.8M built-up area, not representative of Incheon's own subway system, so city/metro-city population used instead)",built_up_urban_area,57.9,metro_only,system_field,,,true,false,true,true,true,true,true,false
taoyuan,Taoyuan,Taiwan,Asia,metro,22,46000000,2025,2025,calendar_year,,estimated,override:research,,low,disputed,"Recorded 46,000,000 is a rounding: Taoyuan Metro's monthly 旅運量 for 2025 sum to roughly 46.6 million. The 旅運量 convention itself is not established.",https://www.tymetro.com.tw/tymetro-new/tw/_pages/about/statistics.html,taoyuan-annual,2252835,1220,Taoyuan City (Taiwanese special municipality) total population via Wikipedia infobox; Taoyuan is a satellite city within the wider Taipei metropolitan area but functions as its own administrative city,city_proper,20.4,metro_only,system_field,,,true,false,true,false,true,true,true,false
